0 verbose cli /usr/bin/node /usr/bin/npm
1 info using npm@11.16.0
2 info using node@v22.22.2
3 silly config load:file:/usr/share/nodejs/npm/npmrc
4 silly config load:file:/home/sharwan/2083 Data/Expirements/Quotemous/frontend/.npmrc
5 silly config load:file:/home/sharwan/.npmrc
6 silly config load:file:/etc/npmrc
7 verbose title npm install
8 verbose argv "install" "--cache" "./npm-cache" "--no-audit" "--no-fund"
9 verbose logfile logs-max:10 dir:/home/sharwan/2083 Data/Expirements/Quotemous/frontend/npm-cache/_logs/2026-08-16T13_23_01_501Z-
10 verbose logfile /home/sharwan/2083 Data/Expirements/Quotemous/frontend/npm-cache/_logs/2026-08-16T13_23_01_501Z-debug-0.log
11 silly logfile done cleaning log files
12 silly packumentCache heap:4345298944 maxSize:1086324736 maxEntrySize:543162368
13 silly idealTree buildDeps
14 silly fetch manifest axios@^1.4.0
15 silly packumentCache full:https://registry.npmjs.org/axios cache-miss
16 http fetch GET 200 https://registry.npmjs.org/axios 400ms (cache miss)
17 silly packumentCache full:https://registry.npmjs.org/axios set size:undefined disposed:false
18 silly fetch manifest react@^18.2.0
19 silly packumentCache full:https://registry.npmjs.org/react cache-miss
20 http fetch GET 200 https://registry.npmjs.org/react 205ms (cache miss)
21 silly packumentCache full:https://registry.npmjs.org/react set size:undefined disposed:false
22 silly fetch manifest react-dom@^18.2.0
23 silly packumentCache full:https://registry.npmjs.org/react-dom cache-miss
24 http fetch GET 200 https://registry.npmjs.org/react-dom 220ms (cache miss)
25 silly packumentCache full:https://registry.npmjs.org/react-dom set size:undefined disposed:false
26 silly fetch manifest vite@^5.0.0
27 silly packumentCache full:https://registry.npmjs.org/vite cache-miss
28 http fetch GET 200 https://registry.npmjs.org/vite 1238ms (cache miss)
29 silly packumentCache full:https://registry.npmjs.org/vite set size:undefined disposed:false
30 silly fetch manifest @types/node@^18.0.0 || >=20.0.0
31 silly packumentCache full:https://registry.npmjs.org/@types%2fnode cache-miss
32 http fetch GET 200 https://registry.npmjs.org/@types%2fnode 816ms (cache miss)
33 silly packumentCache full:https://registry.npmjs.org/@types%2fnode set size:undefined disposed:false
34 silly fetch manifest less@*
35 silly packumentCache full:https://registry.npmjs.org/less cache-miss
36 http fetch GET 200 https://registry.npmjs.org/less 316ms (cache miss)
37 silly packumentCache full:https://registry.npmjs.org/less set size:undefined disposed:false
38 silly fetch manifest lightningcss@^1.21.0
39 silly packumentCache full:https://registry.npmjs.org/lightningcss cache-miss
40 http fetch GET 200 https://registry.npmjs.org/lightningcss 296ms (cache miss)
41 silly packumentCache full:https://registry.npmjs.org/lightningcss set size:undefined disposed:false
42 silly fetch manifest sass@*
43 silly packumentCache full:https://registry.npmjs.org/sass cache-miss
44 http fetch GET 200 https://registry.npmjs.org/sass 327ms (cache miss)
45 silly packumentCache full:https://registry.npmjs.org/sass set size:undefined disposed:false
46 silly fetch manifest sass-embedded@*
47 silly packumentCache full:https://registry.npmjs.org/sass-embedded cache-miss
48 http fetch GET 200 https://registry.npmjs.org/sass-embedded 316ms (cache miss)
49 silly packumentCache full:https://registry.npmjs.org/sass-embedded set size:undefined disposed:false
50 silly fetch manifest stylus@*
51 silly packumentCache full:https://registry.npmjs.org/stylus cache-miss
52 http fetch GET 200 https://registry.npmjs.org/stylus 379ms (cache miss)
53 silly packumentCache full:https://registry.npmjs.org/stylus set size:undefined disposed:false
54 silly fetch manifest sugarss@*
55 silly packumentCache full:https://registry.npmjs.org/sugarss cache-miss
56 http fetch GET 200 https://registry.npmjs.org/sugarss 297ms (cache miss)
57 silly packumentCache full:https://registry.npmjs.org/sugarss set size:undefined disposed:false
58 silly fetch manifest postcss@^8.3.3
59 silly packumentCache full:https://registry.npmjs.org/postcss cache-miss
60 http fetch GET 200 https://registry.npmjs.org/postcss 325ms (cache miss)
61 silly packumentCache full:https://registry.npmjs.org/postcss set size:undefined disposed:false
62 silly fetch manifest terser@^5.4.0
63 silly packumentCache full:https://registry.npmjs.org/terser cache-miss
64 http fetch GET 200 https://registry.npmjs.org/terser 314ms (cache miss)
65 silly packumentCache full:https://registry.npmjs.org/terser set size:undefined disposed:false
66 silly fetch manifest @vitejs/plugin-react@^4.0.0
67 silly packumentCache full:https://registry.npmjs.org/@vitejs%2fplugin-react cache-miss
68 http fetch GET 200 https://registry.npmjs.org/@vitejs%2fplugin-react 41ms (cache miss)
69 silly packumentCache full:https://registry.npmjs.org/@vitejs%2fplugin-react set size:undefined disposed:false
70 silly placeDep ROOT @vitejs/plugin-react@4.7.0 OK for: quotemous-frontend@0.0.1 want: ^4.0.0
71 silly placeDep ROOT vite@5.4.21 OK for: @vitejs/plugin-react@4.7.0 want: ^4.2.0 || ^5.0.0 || ^6.0.0 || ^7.0.0
72 silly placeDep ROOT axios@1.19.0 OK for: quotemous-frontend@0.0.1 want: ^1.4.0
73 silly placeDep ROOT react@18.3.1 OK for: quotemous-frontend@0.0.1 want: ^18.2.0
74 silly placeDep ROOT react-dom@18.3.1 OK for: quotemous-frontend@0.0.1 want: ^18.2.0
75 silly fetch manifest @babel/core@^7.28.0
76 silly packumentCache full:https://registry.npmjs.org/@babel%2fcore cache-miss
77 silly fetch manifest react-refresh@^0.17.0
78 silly packumentCache full:https://registry.npmjs.org/react-refresh cache-miss
79 silly fetch manifest @types/babel__core@^7.20.5
80 silly packumentCache full:https://registry.npmjs.org/@types%2fbabel__core cache-miss
81 silly fetch manifest @rolldown/pluginutils@1.0.0-beta.27
82 silly packumentCache full:https://registry.npmjs.org/@rolldown%2fpluginutils cache-miss
83 silly fetch manifest @babel/plugin-transform-react-jsx-self@^7.27.1
84 silly packumentCache full:https://registry.npmjs.org/@babel%2fplugin-transform-react-jsx-self cache-miss
85 silly fetch manifest @babel/plugin-transform-react-jsx-source@^7.27.1
86 silly packumentCache full:https://registry.npmjs.org/@babel%2fplugin-transform-react-jsx-source cache-miss
87 silly fetch manifest rollup@^4.20.0
88 silly packumentCache full:https://registry.npmjs.org/rollup cache-miss
89 http fetch GET 200 https://registry.npmjs.org/@babel%2fcore 585ms (cache miss)
90 silly packumentCache full:https://registry.npmjs.org/@babel%2fcore set size:undefined disposed:false
91 silly fetch manifest esbuild@^0.21.3
92 silly packumentCache full:https://registry.npmjs.org/esbuild cache-miss
93 http fetch GET 200 https://registry.npmjs.org/@babel%2fplugin-transform-react-jsx-self 853ms (cache miss)
94 silly packumentCache full:https://registry.npmjs.org/@babel%2fplugin-transform-react-jsx-self set size:undefined disposed:false
95 silly fetch manifest postcss@^8.4.43
96 silly packumentCache full:https://registry.npmjs.org/postcss cache-miss
97 http fetch GET 200 https://registry.npmjs.org/rollup 858ms (cache miss)
98 silly packumentCache full:https://registry.npmjs.org/rollup set size:undefined disposed:false
99 silly fetch manifest fsevents@~2.3.3
100 silly packumentCache full:https://registry.npmjs.org/fsevents cache-miss
101 http cache https://registry.npmjs.org/postcss 69ms (cache hit)
102 silly packumentCache full:https://registry.npmjs.org/postcss set size:760024 disposed:false
103 silly fetch manifest form-data@^4.0.6
104 silly packumentCache full:https://registry.npmjs.org/form-data cache-miss
105 http fetch GET 200 https://registry.npmjs.org/@types%2fbabel__core 936ms (cache miss)
106 silly packumentCache full:https://registry.npmjs.org/@types%2fbabel__core set size:undefined disposed:false
107 silly fetch manifest proxy-from-env@^2.1.0
108 silly packumentCache full:https://registry.npmjs.org/proxy-from-env cache-miss
109 http fetch GET 200 https://registry.npmjs.org/react-refresh 954ms (cache miss)
110 silly packumentCache full:https://registry.npmjs.org/react-refresh set size:undefined disposed:false
111 silly fetch manifest follow-redirects@^1.16.0
112 silly packumentCache full:https://registry.npmjs.org/follow-redirects cache-miss
113 http fetch GET 200 https://registry.npmjs.org/esbuild 422ms (cache miss)
114 silly packumentCache full:https://registry.npmjs.org/esbuild set size:undefined disposed:false
115 silly fetch manifest https-proxy-agent@^5.0.1
116 silly packumentCache full:https://registry.npmjs.org/https-proxy-agent cache-miss
117 http fetch GET 200 https://registry.npmjs.org/@rolldown%2fpluginutils 1057ms (cache miss)
118 silly packumentCache full:https://registry.npmjs.org/@rolldown%2fpluginutils set size:undefined disposed:false
119 silly fetch manifest loose-envify@^1.1.0
120 silly packumentCache full:https://registry.npmjs.org/loose-envify cache-miss
121 http fetch GET 200 https://registry.npmjs.org/@babel%2fplugin-transform-react-jsx-source 1126ms (cache miss)
122 silly packumentCache full:https://registry.npmjs.org/@babel%2fplugin-transform-react-jsx-source set size:undefined disposed:false
123 silly fetch manifest scheduler@^0.23.2
124 silly packumentCache full:https://registry.npmjs.org/scheduler cache-miss
125 http fetch GET 200 https://registry.npmjs.org/fsevents 294ms (cache miss)
126 silly packumentCache full:https://registry.npmjs.org/fsevents set size:undefined disposed:false
127 silly fetch manifest loose-envify@^1.1.0
128 silly packumentCache full:https://registry.npmjs.org/loose-envify cache-miss
129 http fetch GET 200 https://registry.npmjs.org/proxy-from-env 354ms (cache miss)
130 silly packumentCache full:https://registry.npmjs.org/proxy-from-env set size:undefined disposed:false
131 http fetch GET 200 https://registry.npmjs.org/form-data 365ms (cache miss)
132 silly packumentCache full:https://registry.npmjs.org/form-data set size:undefined disposed:false
133 http fetch GET 200 https://registry.npmjs.org/follow-redirects 310ms (cache miss)
134 silly packumentCache full:https://registry.npmjs.org/follow-redirects set size:undefined disposed:false
135 http fetch GET 200 https://registry.npmjs.org/https-proxy-agent 297ms (cache miss)
136 silly packumentCache full:https://registry.npmjs.org/https-proxy-agent set size:undefined disposed:false
137 http fetch GET 200 https://registry.npmjs.org/loose-envify 154ms (cache miss)
138 silly packumentCache full:https://registry.npmjs.org/loose-envify set size:undefined disposed:false
139 http fetch GET 200 https://registry.npmjs.org/loose-envify 304ms (cache miss)
140 silly packumentCache full:https://registry.npmjs.org/loose-envify set size:undefined disposed:false
141 http fetch GET 200 https://registry.npmjs.org/scheduler 550ms (cache miss)
142 silly packumentCache full:https://registry.npmjs.org/scheduler set size:undefined disposed:false
143 silly placeDep ROOT @babel/core@7.29.7 OK for: @vitejs/plugin-react@4.7.0 want: ^7.28.0
144 silly placeDep ROOT @babel/plugin-transform-react-jsx-self@7.29.7 OK for: @vitejs/plugin-react@4.7.0 want: ^7.27.1
145 silly placeDep ROOT @babel/plugin-transform-react-jsx-source@7.29.7 OK for: @vitejs/plugin-react@4.7.0 want: ^7.27.1
146 silly placeDep ROOT @rolldown/pluginutils@1.0.0-beta.27 OK for: @vitejs/plugin-react@4.7.0 want: 1.0.0-beta.27
147 silly placeDep ROOT @types/babel__core@7.20.5 OK for: @vitejs/plugin-react@4.7.0 want: ^7.20.5
148 silly placeDep ROOT react-refresh@0.17.0 OK for: @vitejs/plugin-react@4.7.0 want: ^0.17.0
149 silly fetch manifest debug@^4.1.0
150 silly packumentCache full:https://registry.npmjs.org/debug cache-miss
151 silly fetch manifest json5@^2.2.3
152 silly packumentCache full:https://registry.npmjs.org/json5 cache-miss
153 silly fetch manifest semver@^6.3.1
154 silly packumentCache full:https://registry.npmjs.org/semver cache-miss
155 silly fetch manifest gensync@^1.0.0-beta.2
156 silly packumentCache full:https://registry.npmjs.org/gensync cache-miss
157 silly fetch manifest @babel/types@^7.29.7
158 silly packumentCache full:https://registry.npmjs.org/@babel%2ftypes cache-miss
159 silly fetch manifest @babel/parser@^7.29.7
160 silly packumentCache full:https://registry.npmjs.org/@babel%2fparser cache-miss
161 silly fetch manifest @babel/helpers@^7.29.7
162 silly packumentCache full:https://registry.npmjs.org/@babel%2fhelpers cache-miss
163 http fetch GET 200 https://registry.npmjs.org/gensync 288ms (cache miss)
164 silly packumentCache full:https://registry.npmjs.org/gensync set size:undefined disposed:false
165 silly fetch manifest @babel/template@^7.29.7
166 silly packumentCache full:https://registry.npmjs.org/@babel%2ftemplate cache-miss
167 http fetch GET 200 https://registry.npmjs.org/semver 316ms (cache miss)
168 silly packumentCache full:https://registry.npmjs.org/semver set size:undefined disposed:false
169 silly fetch manifest @babel/traverse@^7.29.7
170 silly packumentCache full:https://registry.npmjs.org/@babel%2ftraverse cache-miss
171 http fetch GET 200 https://registry.npmjs.org/json5 324ms (cache miss)
172 silly packumentCache full:https://registry.npmjs.org/json5 set size:undefined disposed:false
173 silly fetch manifest @babel/generator@^7.29.7
174 silly packumentCache full:https://registry.npmjs.org/@babel%2fgenerator cache-miss
175 http fetch GET 200 https://registry.npmjs.org/debug 329ms (cache miss)
176 silly packumentCache full:https://registry.npmjs.org/debug set size:undefined disposed:false
177 silly fetch manifest @babel/code-frame@^7.29.7
178 silly packumentCache full:https://registry.npmjs.org/@babel%2fcode-frame cache-miss
179 http fetch GET 200 https://registry.npmjs.org/@babel%2fhelpers 603ms (cache miss)
180 silly packumentCache full:https://registry.npmjs.org/@babel%2fhelpers set size:undefined disposed:false
181 silly fetch manifest convert-source-map@^2.0.0
182 silly packumentCache full:https://registry.npmjs.org/convert-source-map cache-miss
183 http fetch GET 200 https://registry.npmjs.org/@babel%2ftypes 621ms (cache miss)
184 silly packumentCache full:https://registry.npmjs.org/@babel%2ftypes set size:undefined disposed:false
185 silly fetch manifest @jridgewell/remapping@^2.3.5
186 silly packumentCache full:https://registry.npmjs.org/@jridgewell%2fremapping cache-miss
187 http fetch GET 200 https://registry.npmjs.org/@babel%2fparser 633ms (cache miss)
188 silly packumentCache full:https://registry.npmjs.org/@babel%2fparser set size:undefined disposed:false
189 silly fetch manifest @babel/helper-module-transforms@^7.29.7
190 silly packumentCache full:https://registry.npmjs.org/@babel%2fhelper-module-transforms cache-miss
191 http fetch GET 200 https://registry.npmjs.org/@babel%2ftemplate 588ms (cache miss)
192 silly packumentCache full:https://registry.npmjs.org/@babel%2ftemplate set size:undefined disposed:false
193 silly fetch manifest @babel/helper-compilation-targets@^7.29.7
194 silly packumentCache full:https://registry.npmjs.org/@babel%2fhelper-compilation-targets cache-miss
195 http fetch GET 200 https://registry.npmjs.org/convert-source-map 310ms (cache miss)
196 silly packumentCache full:https://registry.npmjs.org/convert-source-map set size:undefined disposed:false
197 silly fetch manifest @babel/helper-plugin-utils@^7.29.7
198 silly packumentCache full:https://registry.npmjs.org/@babel%2fhelper-plugin-utils cache-miss
199 http fetch GET 200 https://registry.npmjs.org/@babel%2fcode-frame 589ms (cache miss)
200 silly packumentCache full:https://registry.npmjs.org/@babel%2fcode-frame set size:undefined disposed:false
201 silly fetch manifest @babel/helper-plugin-utils@^7.29.7
202 silly packumentCache full:https://registry.npmjs.org/@babel%2fhelper-plugin-utils cache-miss
203 http fetch GET 200 https://registry.npmjs.org/@babel%2ftraverse 619ms (cache miss)
204 silly packumentCache full:https://registry.npmjs.org/@babel%2ftraverse set size:undefined disposed:false
205 silly fetch manifest @babel/types@^7.20.7
206 silly packumentCache full:https://registry.npmjs.org/@babel%2ftypes cache-miss
207 http cache https://registry.npmjs.org/@babel%2ftypes 8ms (cache hit)
208 silly packumentCache full:https://registry.npmjs.org/@babel%2ftypes set size:502938 disposed:false
209 silly fetch manifest @babel/parser@^7.20.7
210 silly packumentCache full:https://registry.npmjs.org/@babel%2fparser cache-miss
211 http fetch GET 200 https://registry.npmjs.org/@babel%2fgenerator 634ms (cache miss)
212 silly packumentCache full:https://registry.npmjs.org/@babel%2fgenerator set size:undefined disposed:false
213 silly fetch manifest @types/babel__template@*
214 silly packumentCache full:https://registry.npmjs.org/@types%2fbabel__template cache-miss
215 http cache https://registry.npmjs.org/@babel%2fparser 10ms (cache hit)
216 silly packumentCache full:https://registry.npmjs.org/@babel%2fparser set size:737961 disposed:false
217 silly fetch manifest @types/babel__traverse@*
218 silly packumentCache full:https://registry.npmjs.org/@types%2fbabel__traverse cache-miss
219 http fetch GET 200 https://registry.npmjs.org/@babel%2fhelper-module-transforms 607ms (cache miss)
220 silly packumentCache full:https://registry.npmjs.org/@babel%2fhelper-module-transforms set size:undefined disposed:false
221 silly fetch manifest @types/babel__generator@*
222 silly packumentCache full:https://registry.npmjs.org/@types%2fbabel__generator cache-miss
223 http fetch GET 200 https://registry.npmjs.org/@jridgewell%2fremapping 820ms (cache miss)
224 silly packumentCache full:https://registry.npmjs.org/@jridgewell%2fremapping set size:undefined disposed:false
225 http fetch GET 200 https://registry.npmjs.org/@babel%2fhelper-compilation-targets 579ms (cache miss)
226 silly packumentCache full:https://registry.npmjs.org/@babel%2fhelper-compilation-targets set size:undefined disposed:false
227 http fetch GET 200 https://registry.npmjs.org/@babel%2fhelper-plugin-utils 599ms (cache miss)
228 silly packumentCache full:https://registry.npmjs.org/@babel%2fhelper-plugin-utils set size:undefined disposed:false
229 http fetch GET 200 https://registry.npmjs.org/@babel%2fhelper-plugin-utils 606ms (cache miss)
230 silly packumentCache full:https://registry.npmjs.org/@babel%2fhelper-plugin-utils set size:undefined disposed:false
231 http fetch GET 200 https://registry.npmjs.org/@types%2fbabel__template 585ms (cache miss)
232 silly packumentCache full:https://registry.npmjs.org/@types%2fbabel__template set size:undefined disposed:false
233 http fetch GET 200 https://registry.npmjs.org/@types%2fbabel__traverse 586ms (cache miss)
234 silly packumentCache full:https://registry.npmjs.org/@types%2fbabel__traverse set size:undefined disposed:false
235 http fetch GET 200 https://registry.npmjs.org/@types%2fbabel__generator 605ms (cache miss)
236 silly packumentCache full:https://registry.npmjs.org/@types%2fbabel__generator set size:undefined disposed:false
237 silly fetch manifest @babel/core@^7.0.0
238 silly packumentCache full:https://registry.npmjs.org/@babel%2fcore cache-miss
239 http cache https://registry.npmjs.org/@babel%2fcore 4ms (cache hit)
240 silly packumentCache full:https://registry.npmjs.org/@babel%2fcore set size:788273 disposed:false
241 silly placeDep ROOT @babel/code-frame@7.29.7 OK for: @babel/core@7.29.7 want: ^7.29.7
242 silly placeDep ROOT @babel/generator@7.29.8 OK for: @babel/core@7.29.7 want: ^7.29.7
243 silly placeDep ROOT @babel/helper-compilation-targets@7.29.7 OK for: @babel/core@7.29.7 want: ^7.29.7
244 silly placeDep ROOT @babel/helper-module-transforms@7.29.7 OK for: @babel/core@7.29.7 want: ^7.29.7
245 silly placeDep ROOT @babel/helpers@7.29.7 OK for: @babel/core@7.29.7 want: ^7.29.7
246 silly placeDep ROOT @babel/parser@7.29.8 OK for: @babel/core@7.29.7 want: ^7.29.7
247 silly placeDep ROOT @babel/template@7.29.7 OK for: @babel/core@7.29.7 want: ^7.29.7
248 silly placeDep ROOT @babel/traverse@7.29.8 OK for: @babel/core@7.29.7 want: ^7.29.7
249 silly placeDep ROOT @babel/types@7.29.8 OK for: @babel/core@7.29.7 want: ^7.29.7
250 silly placeDep ROOT @jridgewell/remapping@2.3.5 OK for: @babel/core@7.29.7 want: ^2.3.5
251 silly placeDep ROOT convert-source-map@2.0.0 OK for: @babel/core@7.29.7 want: ^2.0.0
252 silly placeDep ROOT debug@4.4.3 OK for: @babel/core@7.29.7 want: ^4.1.0
253 silly placeDep ROOT gensync@1.0.0-beta.2 OK for: @babel/core@7.29.7 want: ^1.0.0-beta.2
254 silly placeDep ROOT json5@2.2.3 OK for: @babel/core@7.29.7 want: ^2.2.3
255 silly placeDep ROOT semver@6.3.1 OK for: @babel/core@7.29.7 want: ^6.3.1
256 silly fetch manifest js-tokens@^4.0.0
257 silly packumentCache full:https://registry.npmjs.org/js-tokens cache-miss
258 silly fetch manifest picocolors@^1.1.1
259 silly packumentCache full:https://registry.npmjs.org/picocolors cache-miss
260 silly fetch manifest @babel/helper-validator-identifier@^7.29.7
261 silly packumentCache full:https://registry.npmjs.org/@babel%2fhelper-validator-identifier cache-miss
262 silly fetch manifest jsesc@^3.0.2
263 silly packumentCache full:https://registry.npmjs.org/jsesc cache-miss
264 silly fetch manifest @babel/types@^7.29.8
265 silly packumentCache full:https://registry.npmjs.org/@babel%2ftypes cache-hit
266 silly fetch manifest @babel/parser@^7.29.8
267 silly packumentCache full:https://registry.npmjs.org/@babel%2fparser cache-hit
268 silly fetch manifest @jridgewell/gen-mapping@^0.3.12
269 silly packumentCache full:https://registry.npmjs.org/@jridgewell%2fgen-mapping cache-miss
270 silly fetch manifest @jridgewell/trace-mapping@^0.3.28
271 silly packumentCache full:https://registry.npmjs.org/@jridgewell%2ftrace-mapping cache-miss
272 silly fetch manifest lru-cache@^5.1.1
273 silly packumentCache full:https://registry.npmjs.org/lru-cache cache-miss
274 http fetch GET 200 https://registry.npmjs.org/picocolors 290ms (cache miss)
275 silly packumentCache full:https://registry.npmjs.org/picocolors set size:undefined disposed:false
276 silly fetch manifest browserslist@^4.24.0
277 silly packumentCache full:https://registry.npmjs.org/browserslist cache-miss
278 http fetch GET 200 https://registry.npmjs.org/js-tokens 299ms (cache miss)
279 silly packumentCache full:https://registry.npmjs.org/js-tokens set size:undefined disposed:false
280 silly fetch manifest @babel/compat-data@^7.29.7
281 silly packumentCache full:https://registry.npmjs.org/@babel%2fcompat-data cache-miss
282 http fetch GET 200 https://registry.npmjs.org/jsesc 308ms (cache miss)
283 silly packumentCache full:https://registry.npmjs.org/jsesc set size:undefined disposed:false
284 silly fetch manifest @babel/helper-validator-option@^7.29.7
285 silly packumentCache full:https://registry.npmjs.org/@babel%2fhelper-validator-option cache-miss
286 http fetch GET 200 https://registry.npmjs.org/lru-cache 330ms (cache miss)
287 silly packumentCache full:https://registry.npmjs.org/lru-cache set size:undefined disposed:false
288 silly fetch manifest @babel/helper-module-imports@^7.29.7
289 silly packumentCache full:https://registry.npmjs.org/@babel%2fhelper-module-imports cache-miss
290 http fetch GET 200 https://registry.npmjs.org/@babel%2fhelper-validator-identifier 580ms (cache miss)
291 silly packumentCache full:https://registry.npmjs.org/@babel%2fhelper-validator-identifier set size:undefined disposed:false
292 silly fetch manifest debug@^4.3.1
293 silly packumentCache full:https://registry.npmjs.org/debug cache-miss
294 http cache https://registry.npmjs.org/debug 4ms (cache hit)
295 silly packumentCache full:https://registry.npmjs.org/debug set size:195840 disposed:false
296 silly fetch manifest @babel/helper-globals@^7.29.7
297 silly packumentCache full:https://registry.npmjs.org/@babel%2fhelper-globals cache-miss
298 http fetch GET 200 https://registry.npmjs.org/browserslist 315ms (cache miss)
299 silly packumentCache full:https://registry.npmjs.org/browserslist set size:undefined disposed:false
300 silly fetch manifest @babel/helper-string-parser@^7.29.7
301 silly packumentCache full:https://registry.npmjs.org/@babel%2fhelper-string-parser cache-miss
302 http fetch GET 200 https://registry.npmjs.org/@jridgewell%2ftrace-mapping 798ms (cache miss)
303 silly packumentCache full:https://registry.npmjs.org/@jridgewell%2ftrace-mapping set size:undefined disposed:false
304 silly fetch manifest @jridgewell/gen-mapping@^0.3.5
305 silly packumentCache full:https://registry.npmjs.org/@jridgewell%2fgen-mapping cache-miss
306 http fetch GET 200 https://registry.npmjs.org/@jridgewell%2fgen-mapping 805ms (cache miss)
307 silly packumentCache full:https://registry.npmjs.org/@jridgewell%2fgen-mapping set size:undefined disposed:false
308 silly fetch manifest @jridgewell/trace-mapping@^0.3.24
309 silly packumentCache full:https://registry.npmjs.org/@jridgewell%2ftrace-mapping cache-miss
310 http cache https://registry.npmjs.org/@jridgewell%2ftrace-mapping 2ms (cache hit)
311 silly packumentCache full:https://registry.npmjs.org/@jridgewell%2ftrace-mapping set size:170909 disposed:false
312 silly fetch manifest ms@^2.1.3
313 silly packumentCache full:https://registry.npmjs.org/ms cache-miss
314 http fetch GET 200 https://registry.npmjs.org/@jridgewell%2fgen-mapping 33ms (cache miss)
315 silly packumentCache full:https://registry.npmjs.org/@jridgewell%2fgen-mapping set size:undefined disposed:false
316 http fetch GET 200 https://registry.npmjs.org/@babel%2fcompat-data 594ms (cache miss)
317 silly packumentCache full:https://registry.npmjs.org/@babel%2fcompat-data set size:undefined disposed:false
318 http fetch GET 200 https://registry.npmjs.org/@babel%2fhelper-validator-option 588ms (cache miss)
319 silly packumentCache full:https://registry.npmjs.org/@babel%2fhelper-validator-option set size:undefined disposed:false
320 http fetch GET 200 https://registry.npmjs.org/@babel%2fhelper-module-imports 583ms (cache miss)
321 silly packumentCache full:https://registry.npmjs.org/@babel%2fhelper-module-imports set size:undefined disposed:false
322 http fetch GET 200 https://registry.npmjs.org/ms 300ms (cache miss)
323 silly packumentCache full:https://registry.npmjs.org/ms set size:undefined disposed:false
324 http fetch GET 200 https://registry.npmjs.org/@babel%2fhelper-globals 575ms (cache miss)
325 silly packumentCache full:https://registry.npmjs.org/@babel%2fhelper-globals set size:undefined disposed:false
326 http fetch GET 200 https://registry.npmjs.org/@babel%2fhelper-string-parser 568ms (cache miss)
327 silly packumentCache full:https://registry.npmjs.org/@babel%2fhelper-string-parser set size:undefined disposed:false
328 silly placeDep ROOT @babel/helper-validator-identifier@7.29.7 OK for: @babel/code-frame@7.29.7 want: ^7.29.7
329 silly placeDep ROOT js-tokens@4.0.0 OK for: @babel/code-frame@7.29.7 want: ^4.0.0
330 silly placeDep ROOT picocolors@1.1.1 OK for: @babel/code-frame@7.29.7 want: ^1.1.1
331 silly placeDep ROOT @jridgewell/gen-mapping@0.3.13 OK for: @babel/generator@7.29.8 want: ^0.3.12
332 silly placeDep ROOT @jridgewell/trace-mapping@0.3.31 OK for: @babel/generator@7.29.8 want: ^0.3.28
333 silly placeDep ROOT jsesc@3.1.0 OK for: @babel/generator@7.29.8 want: ^3.0.2
334 silly fetch manifest @jridgewell/sourcemap-codec@^1.5.0
335 silly packumentCache full:https://registry.npmjs.org/@jridgewell%2fsourcemap-codec cache-miss
336 silly fetch manifest @jridgewell/resolve-uri@^3.1.0
337 silly packumentCache full:https://registry.npmjs.org/@jridgewell%2fresolve-uri cache-miss
338 silly fetch manifest @jridgewell/sourcemap-codec@^1.4.14
339 silly packumentCache full:https://registry.npmjs.org/@jridgewell%2fsourcemap-codec cache-miss
340 http fetch GET 200 https://registry.npmjs.org/@jridgewell%2fresolve-uri 735ms (cache miss)
341 silly packumentCache full:https://registry.npmjs.org/@jridgewell%2fresolve-uri set size:undefined disposed:false
342 http fetch GET 200 https://registry.npmjs.org/@jridgewell%2fsourcemap-codec 741ms (cache miss)
343 silly packumentCache full:https://registry.npmjs.org/@jridgewell%2fsourcemap-codec set size:undefined disposed:false
344 http fetch GET 200 https://registry.npmjs.org/@jridgewell%2fsourcemap-codec 742ms (cache miss)
345 silly packumentCache full:https://registry.npmjs.org/@jridgewell%2fsourcemap-codec set size:undefined disposed:false
346 silly placeDep ROOT @babel/compat-data@7.29.7 OK for: @babel/helper-compilation-targets@7.29.7 want: ^7.29.7
347 silly placeDep ROOT @babel/helper-validator-option@7.29.7 OK for: @babel/helper-compilation-targets@7.29.7 want: ^7.29.7
348 silly placeDep ROOT browserslist@4.28.8 OK for: @babel/helper-compilation-targets@7.29.7 want: ^4.24.0
349 silly placeDep ROOT lru-cache@5.1.1 OK for: @babel/helper-compilation-targets@7.29.7 want: ^5.1.1
350 silly fetch manifest caniuse-lite@^1.0.30001809
351 silly packumentCache full:https://registry.npmjs.org/caniuse-lite cache-miss
352 silly fetch manifest node-releases@^2.0.53
353 silly packumentCache full:https://registry.npmjs.org/node-releases cache-miss
354 silly fetch manifest electron-to-chromium@^1.5.402
355 silly packumentCache full:https://registry.npmjs.org/electron-to-chromium cache-miss
356 silly fetch manifest update-browserslist-db@^1.3.0
357 silly packumentCache full:https://registry.npmjs.org/update-browserslist-db cache-miss
358 silly fetch manifest baseline-browser-mapping@^2.11.12
359 silly packumentCache full:https://registry.npmjs.org/baseline-browser-mapping cache-miss
360 silly fetch manifest yallist@^3.0.2
361 silly packumentCache full:https://registry.npmjs.org/yallist cache-miss
362 http fetch GET 200 https://registry.npmjs.org/node-releases 302ms (cache miss)
363 silly packumentCache full:https://registry.npmjs.org/node-releases set size:undefined disposed:false
364 http fetch GET 200 https://registry.npmjs.org/yallist 309ms (cache miss)
365 silly packumentCache full:https://registry.npmjs.org/yallist set size:undefined disposed:false
366 http fetch GET 200 https://registry.npmjs.org/update-browserslist-db 311ms (cache miss)
367 silly packumentCache full:https://registry.npmjs.org/update-browserslist-db set size:undefined disposed:false
368 http fetch GET 200 https://registry.npmjs.org/caniuse-lite 534ms (cache miss)
369 silly packumentCache full:https://registry.npmjs.org/caniuse-lite set size:undefined disposed:false
370 http fetch GET 200 https://registry.npmjs.org/baseline-browser-mapping 556ms (cache miss)
371 silly packumentCache full:https://registry.npmjs.org/baseline-browser-mapping set size:undefined disposed:false
372 http fetch GET 200 https://registry.npmjs.org/electron-to-chromium 660ms (cache miss)
373 silly packumentCache full:https://registry.npmjs.org/electron-to-chromium set size:undefined disposed:false
374 silly placeDep ROOT @babel/helper-module-imports@7.29.7 OK for: @babel/helper-module-transforms@7.29.7 want: ^7.29.7
375 silly placeDep ROOT @babel/helper-plugin-utils@7.29.7 OK for: @babel/plugin-transform-react-jsx-self@7.29.7 want: ^7.29.7
376 silly placeDep ROOT @babel/helper-globals@7.29.7 OK for: @babel/traverse@7.29.8 want: ^7.29.7
377 silly placeDep ROOT @babel/helper-string-parser@7.29.7 OK for: @babel/types@7.29.8 want: ^7.29.7
378 silly placeDep ROOT @jridgewell/sourcemap-codec@1.5.5 OK for: @jridgewell/gen-mapping@0.3.13 want: ^1.5.0
379 silly placeDep ROOT @jridgewell/resolve-uri@3.1.2 OK for: @jridgewell/trace-mapping@0.3.31 want: ^3.1.0
380 silly placeDep ROOT @types/babel__generator@7.27.0 OK for: @types/babel__core@7.20.5 want: *
381 silly placeDep ROOT @types/babel__template@7.4.4 OK for: @types/babel__core@7.20.5 want: *
382 silly placeDep ROOT @types/babel__traverse@7.28.0 OK for: @types/babel__core@7.20.5 want: *
383 silly placeDep ROOT follow-redirects@1.16.0 OK for: axios@1.19.0 want: ^1.16.0
384 silly placeDep ROOT form-data@4.0.6 OK for: axios@1.19.0 want: ^4.0.6
385 silly placeDep ROOT https-proxy-agent@5.0.1 OK for: axios@1.19.0 want: ^5.0.1
386 silly placeDep ROOT proxy-from-env@2.1.0 OK for: axios@1.19.0 want: ^2.1.0
387 silly fetch manifest hasown@^2.0.4
388 silly packumentCache full:https://registry.npmjs.org/hasown cache-miss
389 silly fetch manifest asynckit@^0.4.0
390 silly packumentCache full:https://registry.npmjs.org/asynckit cache-miss
391 silly fetch manifest mime-types@^2.1.35
392 silly packumentCache full:https://registry.npmjs.org/mime-types cache-miss
393 silly fetch manifest combined-stream@^1.0.8
394 silly packumentCache full:https://registry.npmjs.org/combined-stream cache-miss
395 silly fetch manifest es-set-tostringtag@^2.1.0
396 silly packumentCache full:https://registry.npmjs.org/es-set-tostringtag cache-miss
397 silly fetch manifest agent-base@6
398 silly packumentCache full:https://registry.npmjs.org/agent-base cache-miss
399 http fetch GET 200 https://registry.npmjs.org/hasown 304ms (cache miss)
400 silly packumentCache full:https://registry.npmjs.org/hasown set size:undefined disposed:false
401 http fetch GET 200 https://registry.npmjs.org/combined-stream 305ms (cache miss)
402 silly packumentCache full:https://registry.npmjs.org/combined-stream set size:undefined disposed:false
403 http fetch GET 200 https://registry.npmjs.org/asynckit 309ms (cache miss)
404 silly packumentCache full:https://registry.npmjs.org/asynckit set size:undefined disposed:false
405 http fetch GET 200 https://registry.npmjs.org/agent-base 308ms (cache miss)
406 silly packumentCache full:https://registry.npmjs.org/agent-base set size:undefined disposed:false
407 http fetch GET 200 https://registry.npmjs.org/mime-types 312ms (cache miss)
408 silly packumentCache full:https://registry.npmjs.org/mime-types set size:undefined disposed:false
409 http fetch GET 200 https://registry.npmjs.org/es-set-tostringtag 315ms (cache miss)
410 silly packumentCache full:https://registry.npmjs.org/es-set-tostringtag set size:undefined disposed:false
411 silly fetch manifest browserslist@>= 4.21.0
412 silly packumentCache full:https://registry.npmjs.org/browserslist cache-miss
413 http cache https://registry.npmjs.org/browserslist 3ms (cache hit)
414 silly packumentCache full:https://registry.npmjs.org/browserslist set size:518659 disposed:false
415 silly placeDep ROOT baseline-browser-mapping@2.11.14 OK for: browserslist@4.28.8 want: ^2.11.12
416 silly placeDep ROOT caniuse-lite@1.0.30001809 OK for: browserslist@4.28.8 want: ^1.0.30001809
417 silly placeDep ROOT electron-to-chromium@1.5.407 OK for: browserslist@4.28.8 want: ^1.5.402
418 silly placeDep ROOT node-releases@2.0.53 OK for: browserslist@4.28.8 want: ^2.0.53
419 silly placeDep ROOT update-browserslist-db@1.3.1 OK for: browserslist@4.28.8 want: ^1.3.0
420 silly fetch manifest escalade@^3.2.0
421 silly packumentCache full:https://registry.npmjs.org/escalade cache-miss
422 http fetch GET 200 https://registry.npmjs.org/escalade 380ms (cache miss)
423 silly packumentCache full:https://registry.npmjs.org/escalade set size:undefined disposed:false
424 silly placeDep ROOT ms@2.1.3 OK for: debug@4.4.3 want: ^2.1.3
425 silly placeDep ROOT asynckit@0.4.0 OK for: form-data@4.0.6 want: ^0.4.0
426 silly placeDep ROOT combined-stream@1.0.8 OK for: form-data@4.0.6 want: ^1.0.8
427 silly placeDep ROOT es-set-tostringtag@2.1.0 OK for: form-data@4.0.6 want: ^2.1.0
428 silly placeDep ROOT hasown@2.0.4 OK for: form-data@4.0.6 want: ^2.0.4
429 silly placeDep ROOT mime-types@2.1.35 OK for: form-data@4.0.6 want: ^2.1.35
430 silly fetch manifest delayed-stream@~1.0.0
431 silly packumentCache full:https://registry.npmjs.org/delayed-stream cache-miss
432 silly fetch manifest es-errors@^1.3.0
433 silly packumentCache full:https://registry.npmjs.org/es-errors cache-miss
434 silly fetch manifest get-intrinsic@^1.2.6
435 silly packumentCache full:https://registry.npmjs.org/get-intrinsic cache-miss
436 silly fetch manifest has-tostringtag@^1.0.2
437 silly packumentCache full:https://registry.npmjs.org/has-tostringtag cache-miss
438 silly fetch manifest hasown@^2.0.2
439 silly packumentCache full:https://registry.npmjs.org/hasown cache-miss
440 silly fetch manifest function-bind@^1.1.2
441 silly packumentCache full:https://registry.npmjs.org/function-bind cache-miss
442 silly fetch manifest mime-db@1.52.0
443 silly packumentCache full:https://registry.npmjs.org/mime-db cache-miss
444 http cache https://registry.npmjs.org/hasown 7ms (cache hit)
445 silly packumentCache full:https://registry.npmjs.org/hasown set size:18361 disposed:false
446 http fetch GET 200 https://registry.npmjs.org/has-tostringtag 302ms (cache miss)
447 silly packumentCache full:https://registry.npmjs.org/has-tostringtag set size:undefined disposed:false
448 http fetch GET 200 https://registry.npmjs.org/delayed-stream 306ms (cache miss)
449 silly packumentCache full:https://registry.npmjs.org/delayed-stream set size:undefined disposed:false
450 http fetch GET 200 https://registry.npmjs.org/get-intrinsic 306ms (cache miss)
451 silly packumentCache full:https://registry.npmjs.org/get-intrinsic set size:undefined disposed:false
452 http fetch GET 200 https://registry.npmjs.org/es-errors 308ms (cache miss)
453 silly packumentCache full:https://registry.npmjs.org/es-errors set size:undefined disposed:false
454 http fetch GET 200 https://registry.npmjs.org/function-bind 308ms (cache miss)
455 silly packumentCache full:https://registry.npmjs.org/function-bind set size:undefined disposed:false
456 http fetch GET 200 https://registry.npmjs.org/mime-db 310ms (cache miss)
457 silly packumentCache full:https://registry.npmjs.org/mime-db set size:undefined disposed:false
458 silly placeDep ROOT delayed-stream@1.0.0 OK for: combined-stream@1.0.8 want: ~1.0.0
459 silly placeDep ROOT es-errors@1.3.0 OK for: es-set-tostringtag@2.1.0 want: ^1.3.0
460 silly placeDep ROOT get-intrinsic@1.3.0 OK for: es-set-tostringtag@2.1.0 want: ^1.2.6
461 silly placeDep ROOT has-tostringtag@1.0.2 OK for: es-set-tostringtag@2.1.0 want: ^1.0.2
462 silly fetch manifest gopd@^1.2.0
463 silly packumentCache full:https://registry.npmjs.org/gopd cache-miss
464 silly fetch manifest get-proto@^1.0.1
465 silly packumentCache full:https://registry.npmjs.org/get-proto cache-miss
466 silly fetch manifest has-symbols@^1.1.0
467 silly packumentCache full:https://registry.npmjs.org/has-symbols cache-miss
468 silly fetch manifest es-object-atoms@^1.1.1
469 silly packumentCache full:https://registry.npmjs.org/es-object-atoms cache-miss
470 silly fetch manifest math-intrinsics@^1.1.0
471 silly packumentCache full:https://registry.npmjs.org/math-intrinsics cache-miss
472 silly fetch manifest es-define-property@^1.0.1
473 silly packumentCache full:https://registry.npmjs.org/es-define-property cache-miss
474 silly fetch manifest call-bind-apply-helpers@^1.0.2
475 silly packumentCache full:https://registry.npmjs.org/call-bind-apply-helpers cache-miss
476 http fetch GET 200 https://registry.npmjs.org/es-define-property 349ms (cache miss)
477 silly packumentCache full:https://registry.npmjs.org/es-define-property set size:undefined disposed:false
478 silly fetch manifest has-symbols@^1.0.3
479 silly packumentCache full:https://registry.npmjs.org/has-symbols cache-miss
480 http fetch GET 200 https://registry.npmjs.org/math-intrinsics 351ms (cache miss)
481 silly packumentCache full:https://registry.npmjs.org/math-intrinsics set size:undefined disposed:false
482 http fetch GET 200 https://registry.npmjs.org/gopd 353ms (cache miss)
483 silly packumentCache full:https://registry.npmjs.org/gopd set size:undefined disposed:false
484 http fetch GET 200 https://registry.npmjs.org/call-bind-apply-helpers 352ms (cache miss)
485 silly packumentCache full:https://registry.npmjs.org/call-bind-apply-helpers set size:undefined disposed:false
486 http fetch GET 200 https://registry.npmjs.org/es-object-atoms 354ms (cache miss)
487 silly packumentCache full:https://registry.npmjs.org/es-object-atoms set size:undefined disposed:false
488 http fetch GET 200 https://registry.npmjs.org/get-proto 355ms (cache miss)
489 silly packumentCache full:https://registry.npmjs.org/get-proto set size:undefined disposed:false
490 http fetch GET 200 https://registry.npmjs.org/has-symbols 355ms (cache miss)
491 silly packumentCache full:https://registry.npmjs.org/has-symbols set size:undefined disposed:false
492 http cache https://registry.npmjs.org/has-symbols 6ms (cache hit)
493 silly packumentCache full:https://registry.npmjs.org/has-symbols set size:21550 disposed:false
494 silly placeDep ROOT call-bind-apply-helpers@1.0.2 OK for: get-intrinsic@1.3.0 want: ^1.0.2
495 silly placeDep ROOT es-define-property@1.0.1 OK for: get-intrinsic@1.3.0 want: ^1.0.1
496 silly placeDep ROOT es-object-atoms@1.1.2 OK for: get-intrinsic@1.3.0 want: ^1.1.1
497 silly placeDep ROOT function-bind@1.1.2 OK for: get-intrinsic@1.3.0 want: ^1.1.2
498 silly placeDep ROOT get-proto@1.0.1 OK for: get-intrinsic@1.3.0 want: ^1.0.1
499 silly placeDep ROOT gopd@1.2.0 OK for: get-intrinsic@1.3.0 want: ^1.2.0
500 silly placeDep ROOT has-symbols@1.1.0 OK for: get-intrinsic@1.3.0 want: ^1.1.0
501 silly placeDep ROOT math-intrinsics@1.1.0 OK for: get-intrinsic@1.3.0 want: ^1.1.0
502 silly fetch manifest dunder-proto@^1.0.1
503 silly packumentCache full:https://registry.npmjs.org/dunder-proto cache-miss
504 http fetch GET 200 https://registry.npmjs.org/dunder-proto 304ms (cache miss)
505 silly packumentCache full:https://registry.npmjs.org/dunder-proto set size:undefined disposed:false
506 silly placeDep ROOT dunder-proto@1.0.1 OK for: get-proto@1.0.1 want: ^1.0.1
507 silly placeDep ROOT agent-base@6.0.2 OK for: https-proxy-agent@5.0.1 want: 6
508 silly placeDep ROOT yallist@3.1.1 OK for: lru-cache@5.1.1 want: ^3.0.2
509 silly placeDep ROOT mime-db@1.52.0 OK for: mime-types@2.1.35 want: 1.52.0
510 silly placeDep ROOT loose-envify@1.4.0 OK for: react@18.3.1 want: ^1.1.0
511 silly placeDep ROOT scheduler@0.23.2 OK for: react-dom@18.3.1 want: ^0.23.2
512 silly placeDep ROOT escalade@3.2.0 OK for: update-browserslist-db@1.3.1 want: ^3.2.0
513 silly placeDep ROOT esbuild@0.21.5 OK for: vite@5.4.21 want: ^0.21.3
514 silly placeDep ROOT fsevents@2.3.3 OK for: vite@5.4.21 want: ~2.3.3
515 silly placeDep ROOT postcss@8.5.26 OK for: vite@5.4.21 want: ^8.4.43
516 silly placeDep ROOT rollup@4.62.4 OK for: vite@5.4.21 want: ^4.20.0
517 silly fetch manifest @esbuild/aix-ppc64@0.21.5
518 silly packumentCache full:https://registry.npmjs.org/@esbuild%2faix-ppc64 cache-miss
519 silly fetch manifest @esbuild/linux-arm@0.21.5
520 silly packumentCache full:https://registry.npmjs.org/@esbuild%2flinux-arm cache-miss
521 silly fetch manifest @esbuild/linux-x64@0.21.5
522 silly packumentCache full:https://registry.npmjs.org/@esbuild%2flinux-x64 cache-miss
523 silly fetch manifest @esbuild/sunos-x64@0.21.5
524 silly packumentCache full:https://registry.npmjs.org/@esbuild%2fsunos-x64 cache-miss
525 silly fetch manifest @esbuild/win32-x64@0.21.5
526 silly packumentCache full:https://registry.npmjs.org/@esbuild%2fwin32-x64 cache-miss
527 silly fetch manifest @esbuild/darwin-x64@0.21.5
528 silly packumentCache full:https://registry.npmjs.org/@esbuild%2fdarwin-x64 cache-miss
529 silly fetch manifest @esbuild/linux-ia32@0.21.5
530 silly packumentCache full:https://registry.npmjs.org/@esbuild%2flinux-ia32 cache-miss
531 http fetch GET 200 https://registry.npmjs.org/@esbuild%2flinux-arm 747ms (cache miss)
532 silly packumentCache full:https://registry.npmjs.org/@esbuild%2flinux-arm set size:undefined disposed:false
533 silly fetch manifest @esbuild/netbsd-x64@0.21.5
534 silly packumentCache full:https://registry.npmjs.org/@esbuild%2fnetbsd-x64 cache-miss
535 http fetch GET 200 https://registry.npmjs.org/@esbuild%2fdarwin-x64 776ms (cache miss)
536 silly packumentCache full:https://registry.npmjs.org/@esbuild%2fdarwin-x64 set size:undefined disposed:false
537 silly fetch manifest @esbuild/win32-ia32@0.21.5
538 silly packumentCache full:https://registry.npmjs.org/@esbuild%2fwin32-ia32 cache-miss
539 http fetch GET 200 https://registry.npmjs.org/@esbuild%2flinux-ia32 780ms (cache miss)
540 silly packumentCache full:https://registry.npmjs.org/@esbuild%2flinux-ia32 set size:undefined disposed:false
541 silly fetch manifest @esbuild/android-arm@0.21.5
542 silly packumentCache full:https://registry.npmjs.org/@esbuild%2fandroid-arm cache-miss
543 http fetch GET 200 https://registry.npmjs.org/@esbuild%2faix-ppc64 785ms (cache miss)
544 silly packumentCache full:https://registry.npmjs.org/@esbuild%2faix-ppc64 set size:undefined disposed:false
545 silly fetch manifest @esbuild/android-x64@0.21.5
546 silly packumentCache full:https://registry.npmjs.org/@esbuild%2fandroid-x64 cache-miss
547 http fetch GET 200 https://registry.npmjs.org/@esbuild%2fsunos-x64 793ms (cache miss)
548 silly packumentCache full:https://registry.npmjs.org/@esbuild%2fsunos-x64 set size:undefined disposed:false
549 silly fetch manifest @esbuild/freebsd-x64@0.21.5
550 silly packumentCache full:https://registry.npmjs.org/@esbuild%2ffreebsd-x64 cache-miss
551 http fetch GET 200 https://registry.npmjs.org/@esbuild%2fwin32-x64 808ms (cache miss)
552 silly packumentCache full:https://registry.npmjs.org/@esbuild%2fwin32-x64 set size:undefined disposed:false
553 silly fetch manifest @esbuild/linux-arm64@0.21.5
554 silly packumentCache full:https://registry.npmjs.org/@esbuild%2flinux-arm64 cache-miss
555 http fetch GET 200 https://registry.npmjs.org/@esbuild%2flinux-x64 944ms (cache miss)
556 silly packumentCache full:https://registry.npmjs.org/@esbuild%2flinux-x64 set size:undefined disposed:false
557 silly fetch manifest @esbuild/linux-ppc64@0.21.5
558 silly packumentCache full:https://registry.npmjs.org/@esbuild%2flinux-ppc64 cache-miss
559 http fetch GET 200 https://registry.npmjs.org/@esbuild%2fnetbsd-x64 788ms (cache miss)
560 silly packumentCache full:https://registry.npmjs.org/@esbuild%2fnetbsd-x64 set size:undefined disposed:false
561 silly fetch manifest @esbuild/linux-s390x@0.21.5
562 silly packumentCache full:https://registry.npmjs.org/@esbuild%2flinux-s390x cache-miss
563 http fetch GET 200 https://registry.npmjs.org/@esbuild%2fwin32-ia32 764ms (cache miss)
564 silly packumentCache full:https://registry.npmjs.org/@esbuild%2fwin32-ia32 set size:undefined disposed:false
565 silly fetch manifest @esbuild/openbsd-x64@0.21.5
566 silly packumentCache full:https://registry.npmjs.org/@esbuild%2fopenbsd-x64 cache-miss
567 http fetch GET 200 https://registry.npmjs.org/@esbuild%2fandroid-x64 763ms (cache miss)
568 silly packumentCache full:https://registry.npmjs.org/@esbuild%2fandroid-x64 set size:undefined disposed:false
569 silly fetch manifest @esbuild/win32-arm64@0.21.5
570 silly packumentCache full:https://registry.npmjs.org/@esbuild%2fwin32-arm64 cache-miss
571 http fetch GET 200 https://registry.npmjs.org/@esbuild%2ffreebsd-x64 782ms (cache miss)
572 silly packumentCache full:https://registry.npmjs.org/@esbuild%2ffreebsd-x64 set size:undefined disposed:false
573 silly fetch manifest @esbuild/darwin-arm64@0.21.5
574 silly packumentCache full:https://registry.npmjs.org/@esbuild%2fdarwin-arm64 cache-miss
575 http fetch GET 200 https://registry.npmjs.org/@esbuild%2flinux-arm64 791ms (cache miss)
576 silly packumentCache full:https://registry.npmjs.org/@esbuild%2flinux-arm64 set size:undefined disposed:false
577 silly fetch manifest @esbuild/android-arm64@0.21.5
578 silly packumentCache full:https://registry.npmjs.org/@esbuild%2fandroid-arm64 cache-miss
579 http fetch GET 200 https://registry.npmjs.org/@esbuild%2fandroid-arm 828ms (cache miss)
580 silly packumentCache full:https://registry.npmjs.org/@esbuild%2fandroid-arm set size:undefined disposed:false
581 silly fetch manifest @esbuild/freebsd-arm64@0.21.5
582 silly packumentCache full:https://registry.npmjs.org/@esbuild%2ffreebsd-arm64 cache-miss
583 http fetch GET 200 https://registry.npmjs.org/@esbuild%2flinux-ppc64 741ms (cache miss)
584 silly packumentCache full:https://registry.npmjs.org/@esbuild%2flinux-ppc64 set size:undefined disposed:false
585 silly fetch manifest @esbuild/linux-loong64@0.21.5
586 silly packumentCache full:https://registry.npmjs.org/@esbuild%2flinux-loong64 cache-miss
587 http fetch GET 200 https://registry.npmjs.org/@esbuild%2fwin32-arm64 742ms (cache miss)
588 silly packumentCache full:https://registry.npmjs.org/@esbuild%2fwin32-arm64 set size:undefined disposed:false
589 silly fetch manifest @esbuild/linux-riscv64@0.21.5
590 silly packumentCache full:https://registry.npmjs.org/@esbuild%2flinux-riscv64 cache-miss
591 http fetch GET 200 https://registry.npmjs.org/@esbuild%2flinux-s390x 775ms (cache miss)
592 silly packumentCache full:https://registry.npmjs.org/@esbuild%2flinux-s390x set size:undefined disposed:false
593 silly fetch manifest @esbuild/linux-mips64el@0.21.5
594 silly packumentCache full:https://registry.npmjs.org/@esbuild%2flinux-mips64el cache-miss
595 http fetch GET 200 https://registry.npmjs.org/@esbuild%2fopenbsd-x64 770ms (cache miss)
596 silly packumentCache full:https://registry.npmjs.org/@esbuild%2fopenbsd-x64 set size:undefined disposed:false
597 silly fetch manifest nanoid@^3.3.17
598 silly packumentCache full:https://registry.npmjs.org/nanoid cache-miss
599 http fetch GET 200 https://registry.npmjs.org/@esbuild%2fdarwin-arm64 754ms (cache miss)
600 silly packumentCache full:https://registry.npmjs.org/@esbuild%2fdarwin-arm64 set size:undefined disposed:false
601 silly fetch manifest source-map-js@^1.2.1
602 silly packumentCache full:https://registry.npmjs.org/source-map-js cache-miss
603 http fetch GET 200 https://registry.npmjs.org/@esbuild%2ffreebsd-arm64 740ms (cache miss)
604 silly packumentCache full:https://registry.npmjs.org/@esbuild%2ffreebsd-arm64 set size:undefined disposed:false
605 silly fetch manifest @types/estree@1.0.9
606 silly packumentCache full:https://registry.npmjs.org/@types%2festree cache-miss
607 http fetch GET 200 https://registry.npmjs.org/@esbuild%2fandroid-arm64 771ms (cache miss)
608 silly packumentCache full:https://registry.npmjs.org/@esbuild%2fandroid-arm64 set size:undefined disposed:false
609 silly fetch manifest @rollup/rollup-darwin-x64@4.62.4
610 silly packumentCache full:https://registry.npmjs.org/@rollup%2frollup-darwin-x64 cache-miss
611 http fetch GET 200 https://registry.npmjs.org/@esbuild%2flinux-loong64 759ms (cache miss)
612 silly packumentCache full:https://registry.npmjs.org/@esbuild%2flinux-loong64 set size:undefined disposed:false
613 silly fetch manifest @rollup/rollup-freebsd-x64@4.62.4
614 silly packumentCache full:https://registry.npmjs.org/@rollup%2frollup-freebsd-x64 cache-miss
615 http fetch GET 200 https://registry.npmjs.org/nanoid 351ms (cache miss)
616 silly packumentCache full:https://registry.npmjs.org/nanoid set size:undefined disposed:false
617 silly fetch manifest @rollup/rollup-openbsd-x64@4.62.4
618 silly packumentCache full:https://registry.npmjs.org/@rollup%2frollup-openbsd-x64 cache-miss
619 http fetch GET 200 https://registry.npmjs.org/source-map-js 339ms (cache miss)
620 silly packumentCache full:https://registry.npmjs.org/source-map-js set size:undefined disposed:false
621 silly fetch manifest @napi-rs/lzma-linux-x64-gnu@1.5.1
622 silly packumentCache full:https://registry.npmjs.org/@napi-rs%2flzma-linux-x64-gnu cache-miss
623 http fetch GET 200 https://registry.npmjs.org/@types%2festree 610ms (cache miss)
624 silly packumentCache full:https://registry.npmjs.org/@types%2festree set size:undefined disposed:false
625 silly fetch manifest @rollup/rollup-darwin-arm64@4.62.4
626 silly packumentCache full:https://registry.npmjs.org/@rollup%2frollup-darwin-arm64 cache-miss
627 http fetch GET 200 https://registry.npmjs.org/@esbuild%2flinux-riscv64 783ms (cache miss)
628 silly packumentCache full:https://registry.npmjs.org/@esbuild%2flinux-riscv64 set size:undefined disposed:false
629 silly fetch manifest @rollup/rollup-android-arm64@4.62.4
630 silly packumentCache full:https://registry.npmjs.org/@rollup%2frollup-android-arm64 cache-miss
631 http fetch GET 200 https://registry.npmjs.org/@esbuild%2flinux-mips64el 775ms (cache miss)
632 silly packumentCache full:https://registry.npmjs.org/@esbuild%2flinux-mips64el set size:undefined disposed:false
633 silly fetch manifest @rollup/rollup-freebsd-arm64@4.62.4
634 silly packumentCache full:https://registry.npmjs.org/@rollup%2frollup-freebsd-arm64 cache-miss
635 http fetch GET 200 https://registry.npmjs.org/@rollup%2frollup-darwin-x64 791ms (cache miss)
636 silly packumentCache full:https://registry.npmjs.org/@rollup%2frollup-darwin-x64 set size:undefined disposed:false
637 silly fetch manifest @rollup/rollup-linux-x64-gnu@4.62.4
638 silly packumentCache full:https://registry.npmjs.org/@rollup%2frollup-linux-x64-gnu cache-miss
639 http fetch GET 200 https://registry.npmjs.org/@rollup%2frollup-freebsd-x64 778ms (cache miss)
640 silly packumentCache full:https://registry.npmjs.org/@rollup%2frollup-freebsd-x64 set size:undefined disposed:false
641 silly fetch manifest @rollup/rollup-win32-x64-gnu@4.62.4
642 silly packumentCache full:https://registry.npmjs.org/@rollup%2frollup-win32-x64-gnu cache-miss
643 http fetch GET 200 https://registry.npmjs.org/@napi-rs%2flzma-linux-x64-gnu 751ms (cache miss)
644 silly packumentCache full:https://registry.npmjs.org/@napi-rs%2flzma-linux-x64-gnu set size:undefined disposed:false
645 silly fetch manifest @rollup/rollup-linux-x64-musl@4.62.4
646 silly packumentCache full:https://registry.npmjs.org/@rollup%2frollup-linux-x64-musl cache-miss
647 http fetch GET 200 https://registry.npmjs.org/@rollup%2frollup-openbsd-x64 766ms (cache miss)
648 silly packumentCache full:https://registry.npmjs.org/@rollup%2frollup-openbsd-x64 set size:undefined disposed:false
649 silly fetch manifest @rollup/rollup-win32-x64-msvc@4.62.4
650 silly packumentCache full:https://registry.npmjs.org/@rollup%2frollup-win32-x64-msvc cache-miss
651 http fetch GET 200 https://registry.npmjs.org/@rollup%2frollup-darwin-arm64 829ms (cache miss)
652 silly packumentCache full:https://registry.npmjs.org/@rollup%2frollup-darwin-arm64 set size:undefined disposed:false
653 silly fetch manifest @rollup/rollup-linux-arm64-gnu@4.62.4
654 silly packumentCache full:https://registry.npmjs.org/@rollup%2frollup-linux-arm64-gnu cache-miss
655 http fetch GET 200 https://registry.npmjs.org/@rollup%2frollup-android-arm64 761ms (cache miss)
656 silly packumentCache full:https://registry.npmjs.org/@rollup%2frollup-android-arm64 set size:undefined disposed:false
657 silly fetch manifest @rollup/rollup-linux-ppc64-gnu@4.62.4
658 silly packumentCache full:https://registry.npmjs.org/@rollup%2frollup-linux-ppc64-gnu cache-miss
659 http fetch GET 200 https://registry.npmjs.org/@rollup%2frollup-freebsd-arm64 760ms (cache miss)
660 silly packumentCache full:https://registry.npmjs.org/@rollup%2frollup-freebsd-arm64 set size:undefined disposed:false
661 silly fetch manifest @rollup/rollup-linux-s390x-gnu@4.62.4
662 silly packumentCache full:https://registry.npmjs.org/@rollup%2frollup-linux-s390x-gnu cache-miss
663 http fetch GET 200 https://registry.npmjs.org/@rollup%2frollup-linux-x64-gnu 737ms (cache miss)
664 silly packumentCache full:https://registry.npmjs.org/@rollup%2frollup-linux-x64-gnu set size:undefined disposed:false
665 silly fetch manifest @rollup/rollup-win32-ia32-msvc@4.62.4
666 silly packumentCache full:https://registry.npmjs.org/@rollup%2frollup-win32-ia32-msvc cache-miss
667 http fetch GET 200 https://registry.npmjs.org/@rollup%2frollup-win32-x64-gnu 977ms (cache miss)
668 silly packumentCache full:https://registry.npmjs.org/@rollup%2frollup-win32-x64-gnu set size:undefined disposed:false
669 silly fetch manifest @rollup/rollup-android-arm-eabi@4.62.4
670 silly packumentCache full:https://registry.npmjs.org/@rollup%2frollup-android-arm-eabi cache-miss
671 http fetch GET 200 https://registry.npmjs.org/@rollup%2frollup-win32-x64-msvc 778ms (cache miss)
672 silly packumentCache full:https://registry.npmjs.org/@rollup%2frollup-win32-x64-msvc set size:undefined disposed:false
673 silly fetch manifest @rollup/rollup-linux-arm64-musl@4.62.4
674 silly packumentCache full:https://registry.npmjs.org/@rollup%2frollup-linux-arm64-musl cache-miss
675 http fetch GET 200 https://registry.npmjs.org/@rollup%2frollup-linux-x64-musl 796ms (cache miss)
676 silly packumentCache full:https://registry.npmjs.org/@rollup%2frollup-linux-x64-musl set size:undefined disposed:false
677 silly fetch manifest @rollup/rollup-linux-ppc64-musl@4.62.4
678 silly packumentCache full:https://registry.npmjs.org/@rollup%2frollup-linux-ppc64-musl cache-miss
679 http fetch GET 200 https://registry.npmjs.org/@rollup%2frollup-linux-arm64-gnu 787ms (cache miss)
680 silly packumentCache full:https://registry.npmjs.org/@rollup%2frollup-linux-arm64-gnu set size:undefined disposed:false
681 silly fetch manifest @rollup/rollup-win32-arm64-msvc@4.62.4
682 silly packumentCache full:https://registry.npmjs.org/@rollup%2frollup-win32-arm64-msvc cache-miss
683 http fetch GET 200 https://registry.npmjs.org/@rollup%2frollup-linux-s390x-gnu 778ms (cache miss)
684 silly packumentCache full:https://registry.npmjs.org/@rollup%2frollup-linux-s390x-gnu set size:undefined disposed:false
685 silly fetch manifest @rollup/rollup-linux-loong64-gnu@4.62.4
686 silly packumentCache full:https://registry.npmjs.org/@rollup%2frollup-linux-loong64-gnu cache-miss
687 http fetch GET 200 https://registry.npmjs.org/@rollup%2frollup-linux-ppc64-gnu 803ms (cache miss)
688 silly packumentCache full:https://registry.npmjs.org/@rollup%2frollup-linux-ppc64-gnu set size:undefined disposed:false
689 silly fetch manifest @rollup/rollup-linux-riscv64-gnu@4.62.4
690 silly packumentCache full:https://registry.npmjs.org/@rollup%2frollup-linux-riscv64-gnu cache-miss
691 http fetch GET 200 https://registry.npmjs.org/@rollup%2frollup-win32-ia32-msvc 816ms (cache miss)
692 silly packumentCache full:https://registry.npmjs.org/@rollup%2frollup-win32-ia32-msvc set size:undefined disposed:false
693 silly fetch manifest @rollup/rollup-openharmony-arm64@4.62.4
694 silly packumentCache full:https://registry.npmjs.org/@rollup%2frollup-openharmony-arm64 cache-miss
695 http fetch GET 200 https://registry.npmjs.org/@rollup%2frollup-linux-arm64-musl 804ms (cache miss)
696 silly packumentCache full:https://registry.npmjs.org/@rollup%2frollup-linux-arm64-musl set size:undefined disposed:false
697 silly fetch manifest @rollup/rollup-linux-loong64-musl@4.62.4
698 silly packumentCache full:https://registry.npmjs.org/@rollup%2frollup-linux-loong64-musl cache-miss
699 http fetch GET 200 https://registry.npmjs.org/@rollup%2frollup-linux-ppc64-musl 803ms (cache miss)
700 silly packumentCache full:https://registry.npmjs.org/@rollup%2frollup-linux-ppc64-musl set size:undefined disposed:false
701 silly fetch manifest @rollup/rollup-linux-riscv64-musl@4.62.4
702 silly packumentCache full:https://registry.npmjs.org/@rollup%2frollup-linux-riscv64-musl cache-miss
703 http fetch GET 200 https://registry.npmjs.org/@rollup%2frollup-android-arm-eabi 823ms (cache miss)
704 silly packumentCache full:https://registry.npmjs.org/@rollup%2frollup-android-arm-eabi set size:undefined disposed:false
705 silly fetch manifest @rollup/rollup-linux-arm-gnueabihf@4.62.4
706 silly packumentCache full:https://registry.npmjs.org/@rollup%2frollup-linux-arm-gnueabihf cache-miss
707 http fetch GET 200 https://registry.npmjs.org/@rollup%2frollup-win32-arm64-msvc 947ms (cache miss)
708 silly packumentCache full:https://registry.npmjs.org/@rollup%2frollup-win32-arm64-msvc set size:undefined disposed:false
709 silly fetch manifest @rollup/rollup-linux-arm-musleabihf@4.62.4
710 silly packumentCache full:https://registry.npmjs.org/@rollup%2frollup-linux-arm-musleabihf cache-miss
711 http fetch GET 200 https://registry.npmjs.org/@rollup%2frollup-linux-loong64-gnu 909ms (cache miss)
712 silly packumentCache full:https://registry.npmjs.org/@rollup%2frollup-linux-loong64-gnu set size:undefined disposed:false
713 http fetch GET 200 https://registry.npmjs.org/@rollup%2frollup-linux-riscv64-gnu 900ms (cache miss)
714 silly packumentCache full:https://registry.npmjs.org/@rollup%2frollup-linux-riscv64-gnu set size:undefined disposed:false
715 http fetch GET 200 https://registry.npmjs.org/@rollup%2frollup-openharmony-arm64 819ms (cache miss)
716 silly packumentCache full:https://registry.npmjs.org/@rollup%2frollup-openharmony-arm64 set size:undefined disposed:false
717 http fetch GET 200 https://registry.npmjs.org/@rollup%2frollup-linux-loong64-musl 742ms (cache miss)
718 silly packumentCache full:https://registry.npmjs.org/@rollup%2frollup-linux-loong64-musl set size:undefined disposed:false
719 http fetch GET 200 https://registry.npmjs.org/@rollup%2frollup-linux-arm-gnueabihf 753ms (cache miss)
720 silly packumentCache full:https://registry.npmjs.org/@rollup%2frollup-linux-arm-gnueabihf set size:undefined disposed:false
721 http fetch GET 200 https://registry.npmjs.org/@rollup%2frollup-linux-riscv64-musl 763ms (cache miss)
722 silly packumentCache full:https://registry.npmjs.org/@rollup%2frollup-linux-riscv64-musl set size:undefined disposed:false
723 http fetch GET 200 https://registry.npmjs.org/@rollup%2frollup-linux-arm-musleabihf 770ms (cache miss)
724 silly packumentCache full:https://registry.npmjs.org/@rollup%2frollup-linux-arm-musleabihf set size:undefined disposed:false
725 silly placeDep ROOT @esbuild/aix-ppc64@0.21.5 OK for: esbuild@0.21.5 want: 0.21.5
726 silly placeDep ROOT @esbuild/android-arm@0.21.5 OK for: esbuild@0.21.5 want: 0.21.5
727 silly placeDep ROOT @esbuild/android-arm64@0.21.5 OK for: esbuild@0.21.5 want: 0.21.5
728 silly placeDep ROOT @esbuild/android-x64@0.21.5 OK for: esbuild@0.21.5 want: 0.21.5
729 silly placeDep ROOT @esbuild/darwin-arm64@0.21.5 OK for: esbuild@0.21.5 want: 0.21.5
730 silly placeDep ROOT @esbuild/darwin-x64@0.21.5 OK for: esbuild@0.21.5 want: 0.21.5
731 silly placeDep ROOT @esbuild/freebsd-arm64@0.21.5 OK for: esbuild@0.21.5 want: 0.21.5
732 silly placeDep ROOT @esbuild/freebsd-x64@0.21.5 OK for: esbuild@0.21.5 want: 0.21.5
733 silly placeDep ROOT @esbuild/linux-arm@0.21.5 OK for: esbuild@0.21.5 want: 0.21.5
734 silly placeDep ROOT @esbuild/linux-arm64@0.21.5 OK for: esbuild@0.21.5 want: 0.21.5
735 silly placeDep ROOT @esbuild/linux-ia32@0.21.5 OK for: esbuild@0.21.5 want: 0.21.5
736 silly placeDep ROOT @esbuild/linux-loong64@0.21.5 OK for: esbuild@0.21.5 want: 0.21.5
737 silly placeDep ROOT @esbuild/linux-mips64el@0.21.5 OK for: esbuild@0.21.5 want: 0.21.5
738 silly placeDep ROOT @esbuild/linux-ppc64@0.21.5 OK for: esbuild@0.21.5 want: 0.21.5
739 silly placeDep ROOT @esbuild/linux-riscv64@0.21.5 OK for: esbuild@0.21.5 want: 0.21.5
740 silly placeDep ROOT @esbuild/linux-s390x@0.21.5 OK for: esbuild@0.21.5 want: 0.21.5
741 silly placeDep ROOT @esbuild/linux-x64@0.21.5 OK for: esbuild@0.21.5 want: 0.21.5
742 silly placeDep ROOT @esbuild/netbsd-x64@0.21.5 OK for: esbuild@0.21.5 want: 0.21.5
743 silly placeDep ROOT @esbuild/openbsd-x64@0.21.5 OK for: esbuild@0.21.5 want: 0.21.5
744 silly placeDep ROOT @esbuild/sunos-x64@0.21.5 OK for: esbuild@0.21.5 want: 0.21.5
745 silly placeDep ROOT @esbuild/win32-arm64@0.21.5 OK for: esbuild@0.21.5 want: 0.21.5
746 silly placeDep ROOT @esbuild/win32-ia32@0.21.5 OK for: esbuild@0.21.5 want: 0.21.5
747 silly placeDep ROOT @esbuild/win32-x64@0.21.5 OK for: esbuild@0.21.5 want: 0.21.5
748 silly placeDep ROOT nanoid@3.3.18 OK for: postcss@8.5.26 want: ^3.3.17
749 silly placeDep ROOT source-map-js@1.2.1 OK for: postcss@8.5.26 want: ^1.2.1
750 silly placeDep ROOT @napi-rs/lzma-linux-x64-gnu@1.5.1 OK for: rollup@4.62.4 want: 1.5.1
751 silly placeDep ROOT @rollup/rollup-android-arm-eabi@4.62.4 OK for: rollup@4.62.4 want: 4.62.4
752 silly placeDep ROOT @rollup/rollup-android-arm64@4.62.4 OK for: rollup@4.62.4 want: 4.62.4
753 silly placeDep ROOT @rollup/rollup-darwin-arm64@4.62.4 OK for: rollup@4.62.4 want: 4.62.4
754 silly placeDep ROOT @rollup/rollup-darwin-x64@4.62.4 OK for: rollup@4.62.4 want: 4.62.4
755 silly placeDep ROOT @rollup/rollup-freebsd-arm64@4.62.4 OK for: rollup@4.62.4 want: 4.62.4
756 silly placeDep ROOT @rollup/rollup-freebsd-x64@4.62.4 OK for: rollup@4.62.4 want: 4.62.4
757 silly placeDep ROOT @rollup/rollup-linux-arm-gnueabihf@4.62.4 OK for: rollup@4.62.4 want: 4.62.4
758 silly placeDep ROOT @rollup/rollup-linux-arm-musleabihf@4.62.4 OK for: rollup@4.62.4 want: 4.62.4
759 silly placeDep ROOT @rollup/rollup-linux-arm64-gnu@4.62.4 OK for: rollup@4.62.4 want: 4.62.4
760 silly placeDep ROOT @rollup/rollup-linux-arm64-musl@4.62.4 OK for: rollup@4.62.4 want: 4.62.4
761 silly placeDep ROOT @rollup/rollup-linux-loong64-gnu@4.62.4 OK for: rollup@4.62.4 want: 4.62.4
762 silly placeDep ROOT @rollup/rollup-linux-loong64-musl@4.62.4 OK for: rollup@4.62.4 want: 4.62.4
763 silly placeDep ROOT @rollup/rollup-linux-ppc64-gnu@4.62.4 OK for: rollup@4.62.4 want: 4.62.4
764 silly placeDep ROOT @rollup/rollup-linux-ppc64-musl@4.62.4 OK for: rollup@4.62.4 want: 4.62.4
765 silly placeDep ROOT @rollup/rollup-linux-riscv64-gnu@4.62.4 OK for: rollup@4.62.4 want: 4.62.4
766 silly placeDep ROOT @rollup/rollup-linux-riscv64-musl@4.62.4 OK for: rollup@4.62.4 want: 4.62.4
767 silly placeDep ROOT @rollup/rollup-linux-s390x-gnu@4.62.4 OK for: rollup@4.62.4 want: 4.62.4
768 silly placeDep ROOT @rollup/rollup-linux-x64-gnu@4.62.4 OK for: rollup@4.62.4 want: 4.62.4
769 silly placeDep ROOT @rollup/rollup-linux-x64-musl@4.62.4 OK for: rollup@4.62.4 want: 4.62.4
770 silly placeDep ROOT @rollup/rollup-openbsd-x64@4.62.4 OK for: rollup@4.62.4 want: 4.62.4
771 silly placeDep ROOT @rollup/rollup-openharmony-arm64@4.62.4 OK for: rollup@4.62.4 want: 4.62.4
772 silly placeDep ROOT @rollup/rollup-win32-arm64-msvc@4.62.4 OK for: rollup@4.62.4 want: 4.62.4
773 silly placeDep ROOT @rollup/rollup-win32-ia32-msvc@4.62.4 OK for: rollup@4.62.4 want: 4.62.4
774 silly placeDep ROOT @rollup/rollup-win32-x64-gnu@4.62.4 OK for: rollup@4.62.4 want: 4.62.4
775 silly placeDep ROOT @rollup/rollup-win32-x64-msvc@4.62.4 OK for: rollup@4.62.4 want: 4.62.4
776 silly placeDep ROOT @types/estree@1.0.9 OK for: rollup@4.62.4 want: 1.0.9
777 silly reify moves {}
778 http cache @types/estree@https://registry.npmjs.org/@types/estree/-/estree-1.0.9.tgz 0ms (cache hit)
779 http cache source-map-js@https://registry.npmjs.org/source-map-js/-/source-map-js-1.2.1.tgz 0ms (cache hit)
780 http cache @rollup/rollup-linux-x64-gnu@https://registry.npmjs.org/@rollup/rollup-linux-x64-gnu/-/rollup-linux-x64-gnu-4.62.4.tgz 1ms (cache hit)
781 http cache @napi-rs/lzma-linux-x64-gnu@https://registry.npmjs.org/@napi-rs/lzma-linux-x64-gnu/-/lzma-linux-x64-gnu-1.5.1.tgz 0ms (cache hit)
782 http cache @esbuild/linux-x64@https://registry.npmjs.org/@esbuild/linux-x64/-/linux-x64-0.21.5.tgz 0ms (cache hit)
783 http cache rollup@https://registry.npmjs.org/rollup/-/rollup-4.62.4.tgz 0ms (cache hit)
784 http cache postcss@https://registry.npmjs.org/postcss/-/postcss-8.5.26.tgz 0ms (cache hit)
785 http cache esbuild@https://registry.npmjs.org/esbuild/-/esbuild-0.21.5.tgz 0ms (cache hit)
786 http cache nanoid@https://registry.npmjs.org/nanoid/-/nanoid-3.3.18.tgz 0ms (cache hit)
787 http cache escalade@https://registry.npmjs.org/escalade/-/escalade-3.2.0.tgz 0ms (cache hit)
788 http cache scheduler@https://registry.npmjs.org/scheduler/-/scheduler-0.23.2.tgz 0ms (cache hit)
789 http cache loose-envify@https://registry.npmjs.org/loose-envify/-/loose-envify-1.4.0.tgz 0ms (cache hit)
790 http cache mime-db@https://registry.npmjs.org/mime-db/-/mime-db-1.52.0.tgz 0ms (cache hit)
791 http cache yallist@https://registry.npmjs.org/yallist/-/yallist-3.1.1.tgz 0ms (cache hit)
792 http cache agent-base@https://registry.npmjs.org/agent-base/-/agent-base-6.0.2.tgz 0ms (cache hit)
793 http cache dunder-proto@https://registry.npmjs.org/dunder-proto/-/dunder-proto-1.0.1.tgz 0ms (cache hit)
794 http cache math-intrinsics@https://registry.npmjs.org/math-intrinsics/-/math-intrinsics-1.1.0.tgz 0ms (cache hit)
795 http cache has-symbols@https://registry.npmjs.org/has-symbols/-/has-symbols-1.1.0.tgz 0ms (cache hit)
796 http cache gopd@https://registry.npmjs.org/gopd/-/gopd-1.2.0.tgz 0ms (cache hit)
797 http cache function-bind@https://registry.npmjs.org/function-bind/-/function-bind-1.1.2.tgz 0ms (cache hit)
798 http cache get-proto@https://registry.npmjs.org/get-proto/-/get-proto-1.0.1.tgz 0ms (cache hit)
799 http cache es-object-atoms@https://registry.npmjs.org/es-object-atoms/-/es-object-atoms-1.1.2.tgz 0ms (cache hit)
800 http cache es-define-property@https://registry.npmjs.org/es-define-property/-/es-define-property-1.0.1.tgz 0ms (cache hit)
801 http cache has-tostringtag@https://registry.npmjs.org/has-tostringtag/-/has-tostringtag-1.0.2.tgz 0ms (cache hit)
802 http cache get-intrinsic@https://registry.npmjs.org/get-intrinsic/-/get-intrinsic-1.3.0.tgz 0ms (cache hit)
803 http cache call-bind-apply-helpers@https://registry.npmjs.org/call-bind-apply-helpers/-/call-bind-apply-helpers-1.0.2.tgz 0ms (cache hit)
804 http cache es-errors@https://registry.npmjs.org/es-errors/-/es-errors-1.3.0.tgz 0ms (cache hit)
805 http cache mime-types@https://registry.npmjs.org/mime-types/-/mime-types-2.1.35.tgz 0ms (cache hit)
806 http cache delayed-stream@https://registry.npmjs.org/delayed-stream/-/delayed-stream-1.0.0.tgz 0ms (cache hit)
807 http cache hasown@https://registry.npmjs.org/hasown/-/hasown-2.0.4.tgz 0ms (cache hit)
808 http cache es-set-tostringtag@https://registry.npmjs.org/es-set-tostringtag/-/es-set-tostringtag-2.1.0.tgz 0ms (cache hit)
809 http cache combined-stream@https://registry.npmjs.org/combined-stream/-/combined-stream-1.0.8.tgz 0ms (cache hit)
810 http cache asynckit@https://registry.npmjs.org/asynckit/-/asynckit-0.4.0.tgz 0ms (cache hit)
811 http cache update-browserslist-db@https://registry.npmjs.org/update-browserslist-db/-/update-browserslist-db-1.3.1.tgz 0ms (cache hit)
812 http cache ms@https://registry.npmjs.org/ms/-/ms-2.1.3.tgz 0ms (cache hit)
813 http cache node-releases@https://registry.npmjs.org/node-releases/-/node-releases-2.0.53.tgz 0ms (cache hit)
814 http cache electron-to-chromium@https://registry.npmjs.org/electron-to-chromium/-/electron-to-chromium-1.5.407.tgz 0ms (cache hit)
815 http cache caniuse-lite@https://registry.npmjs.org/caniuse-lite/-/caniuse-lite-1.0.30001809.tgz 0ms (cache hit)
816 http cache baseline-browser-mapping@https://registry.npmjs.org/baseline-browser-mapping/-/baseline-browser-mapping-2.11.14.tgz 0ms (cache hit)
817 http cache proxy-from-env@https://registry.npmjs.org/proxy-from-env/-/proxy-from-env-2.1.0.tgz 0ms (cache hit)
818 http cache https-proxy-agent@https://registry.npmjs.org/https-proxy-agent/-/https-proxy-agent-5.0.1.tgz 0ms (cache hit)
819 http cache follow-redirects@https://registry.npmjs.org/follow-redirects/-/follow-redirects-1.16.0.tgz 0ms (cache hit)
820 http cache form-data@https://registry.npmjs.org/form-data/-/form-data-4.0.6.tgz 0ms (cache hit)
821 http cache @types/babel__traverse@https://registry.npmjs.org/@types/babel__traverse/-/babel__traverse-7.28.0.tgz 0ms (cache hit)
822 http cache @types/babel__generator@https://registry.npmjs.org/@types/babel__generator/-/babel__generator-7.27.0.tgz 0ms (cache hit)
823 http cache @types/babel__template@https://registry.npmjs.org/@types/babel__template/-/babel__template-7.4.4.tgz 0ms (cache hit)
824 http cache @jridgewell/resolve-uri@https://registry.npmjs.org/@jridgewell/resolve-uri/-/resolve-uri-3.1.2.tgz 0ms (cache hit)
825 http cache @jridgewell/sourcemap-codec@https://registry.npmjs.org/@jridgewell/sourcemap-codec/-/sourcemap-codec-1.5.5.tgz 0ms (cache hit)
826 http cache @babel/helper-string-parser@https://registry.npmjs.org/@babel/helper-string-parser/-/helper-string-parser-7.29.7.tgz 0ms (cache hit)
827 http cache @babel/helper-globals@https://registry.npmjs.org/@babel/helper-globals/-/helper-globals-7.29.7.tgz 0ms (cache hit)
828 http cache @babel/helper-plugin-utils@https://registry.npmjs.org/@babel/helper-plugin-utils/-/helper-plugin-utils-7.29.7.tgz 0ms (cache hit)
829 http cache @babel/helper-module-imports@https://registry.npmjs.org/@babel/helper-module-imports/-/helper-module-imports-7.29.7.tgz 0ms (cache hit)
830 http cache lru-cache@https://registry.npmjs.org/lru-cache/-/lru-cache-5.1.1.tgz 0ms (cache hit)
831 http cache browserslist@https://registry.npmjs.org/browserslist/-/browserslist-4.28.8.tgz 0ms (cache hit)
832 http cache @babel/helper-validator-option@https://registry.npmjs.org/@babel/helper-validator-option/-/helper-validator-option-7.29.7.tgz 0ms (cache hit)
833 http cache @babel/compat-data@https://registry.npmjs.org/@babel/compat-data/-/compat-data-7.29.7.tgz 0ms (cache hit)
834 http cache jsesc@https://registry.npmjs.org/jsesc/-/jsesc-3.1.0.tgz 0ms (cache hit)
835 http cache @jridgewell/trace-mapping@https://registry.npmjs.org/@jridgewell/trace-mapping/-/trace-mapping-0.3.31.tgz 0ms (cache hit)
836 http cache @jridgewell/gen-mapping@https://registry.npmjs.org/@jridgewell/gen-mapping/-/gen-mapping-0.3.13.tgz 0ms (cache hit)
837 http cache picocolors@https://registry.npmjs.org/picocolors/-/picocolors-1.1.1.tgz 0ms (cache hit)
838 http cache js-tokens@https://registry.npmjs.org/js-tokens/-/js-tokens-4.0.0.tgz 0ms (cache hit)
839 http cache @babel/helper-validator-identifier@https://registry.npmjs.org/@babel/helper-validator-identifier/-/helper-validator-identifier-7.29.7.tgz 0ms (cache hit)
840 http cache semver@https://registry.npmjs.org/semver/-/semver-6.3.1.tgz 0ms (cache hit)
841 http cache json5@https://registry.npmjs.org/json5/-/json5-2.2.3.tgz 0ms (cache hit)
842 http cache gensync@https://registry.npmjs.org/gensync/-/gensync-1.0.0-beta.2.tgz 0ms (cache hit)
843 http cache @jridgewell/remapping@https://registry.npmjs.org/@jridgewell/remapping/-/remapping-2.3.5.tgz 0ms (cache hit)
844 http cache convert-source-map@https://registry.npmjs.org/convert-source-map/-/convert-source-map-2.0.0.tgz 0ms (cache hit)
845 http cache @babel/types@https://registry.npmjs.org/@babel/types/-/types-7.29.8.tgz 0ms (cache hit)
846 http cache @babel/traverse@https://registry.npmjs.org/@babel/traverse/-/traverse-7.29.8.tgz 0ms (cache hit)
847 http cache @babel/template@https://registry.npmjs.org/@babel/template/-/template-7.29.7.tgz 0ms (cache hit)
848 http cache @babel/parser@https://registry.npmjs.org/@babel/parser/-/parser-7.29.8.tgz 0ms (cache hit)
849 http cache @babel/helpers@https://registry.npmjs.org/@babel/helpers/-/helpers-7.29.7.tgz 0ms (cache hit)
850 http cache debug@https://registry.npmjs.org/debug/-/debug-4.4.3.tgz 0ms (cache hit)
851 http cache @babel/helper-module-transforms@https://registry.npmjs.org/@babel/helper-module-transforms/-/helper-module-transforms-7.29.7.tgz 0ms (cache hit)
852 http cache @babel/generator@https://registry.npmjs.org/@babel/generator/-/generator-7.29.8.tgz 0ms (cache hit)
853 http cache @babel/helper-compilation-targets@https://registry.npmjs.org/@babel/helper-compilation-targets/-/helper-compilation-targets-7.29.7.tgz 0ms (cache hit)
854 http cache @babel/code-frame@https://registry.npmjs.org/@babel/code-frame/-/code-frame-7.29.7.tgz 0ms (cache hit)
855 http cache @types/babel__core@https://registry.npmjs.org/@types/babel__core/-/babel__core-7.20.5.tgz 0ms (cache hit)
856 http cache react-refresh@https://registry.npmjs.org/react-refresh/-/react-refresh-0.17.0.tgz 0ms (cache hit)
857 http cache @rolldown/pluginutils@https://registry.npmjs.org/@rolldown/pluginutils/-/pluginutils-1.0.0-beta.27.tgz 0ms (cache hit)
858 http cache @babel/plugin-transform-react-jsx-source@https://registry.npmjs.org/@babel/plugin-transform-react-jsx-source/-/plugin-transform-react-jsx-source-7.29.7.tgz 0ms (cache hit)
859 http cache @babel/plugin-transform-react-jsx-self@https://registry.npmjs.org/@babel/plugin-transform-react-jsx-self/-/plugin-transform-react-jsx-self-7.29.7.tgz 0ms (cache hit)
860 http cache react-dom@https://registry.npmjs.org/react-dom/-/react-dom-18.3.1.tgz 0ms (cache hit)
861 http cache @babel/core@https://registry.npmjs.org/@babel/core/-/core-7.29.7.tgz 0ms (cache hit)
862 http cache react@https://registry.npmjs.org/react/-/react-18.3.1.tgz 0ms (cache hit)
863 http cache axios@https://registry.npmjs.org/axios/-/axios-1.19.0.tgz 0ms (cache hit)
864 http cache vite@https://registry.npmjs.org/vite/-/vite-5.4.21.tgz 0ms (cache hit)
865 http cache @vitejs/plugin-react@https://registry.npmjs.org/@vitejs/plugin-react/-/plugin-react-4.7.0.tgz 0ms (cache hit)
866 silly tarball no local data for @types/estree@https://registry.npmjs.org/@types/estree/-/estree-1.0.9.tgz. Extracting by manifest.
867 silly tarball no local data for source-map-js@https://registry.npmjs.org/source-map-js/-/source-map-js-1.2.1.tgz. Extracting by manifest.
868 silly tarball no local data for @rollup/rollup-linux-x64-gnu@https://registry.npmjs.org/@rollup/rollup-linux-x64-gnu/-/rollup-linux-x64-gnu-4.62.4.tgz. Extracting by manifest.
869 silly tarball no local data for @napi-rs/lzma-linux-x64-gnu@https://registry.npmjs.org/@napi-rs/lzma-linux-x64-gnu/-/lzma-linux-x64-gnu-1.5.1.tgz. Extracting by manifest.
870 silly tarball no local data for @esbuild/linux-x64@https://registry.npmjs.org/@esbuild/linux-x64/-/linux-x64-0.21.5.tgz. Extracting by manifest.
871 silly tarball no local data for rollup@https://registry.npmjs.org/rollup/-/rollup-4.62.4.tgz. Extracting by manifest.
872 silly tarball no local data for postcss@https://registry.npmjs.org/postcss/-/postcss-8.5.26.tgz. Extracting by manifest.
873 silly tarball no local data for esbuild@https://registry.npmjs.org/esbuild/-/esbuild-0.21.5.tgz. Extracting by manifest.
874 silly tarball no local data for nanoid@https://registry.npmjs.org/nanoid/-/nanoid-3.3.18.tgz. Extracting by manifest.
875 silly tarball no local data for escalade@https://registry.npmjs.org/escalade/-/escalade-3.2.0.tgz. Extracting by manifest.
876 silly tarball no local data for scheduler@https://registry.npmjs.org/scheduler/-/scheduler-0.23.2.tgz. Extracting by manifest.
877 silly tarball no local data for loose-envify@https://registry.npmjs.org/loose-envify/-/loose-envify-1.4.0.tgz. Extracting by manifest.
878 silly tarball no local data for mime-db@https://registry.npmjs.org/mime-db/-/mime-db-1.52.0.tgz. Extracting by manifest.
879 silly tarball no local data for yallist@https://registry.npmjs.org/yallist/-/yallist-3.1.1.tgz. Extracting by manifest.
880 silly tarball no local data for agent-base@https://registry.npmjs.org/agent-base/-/agent-base-6.0.2.tgz. Extracting by manifest.
881 silly tarball no local data for dunder-proto@https://registry.npmjs.org/dunder-proto/-/dunder-proto-1.0.1.tgz. Extracting by manifest.
882 silly tarball no local data for math-intrinsics@https://registry.npmjs.org/math-intrinsics/-/math-intrinsics-1.1.0.tgz. Extracting by manifest.
883 silly tarball no local data for has-symbols@https://registry.npmjs.org/has-symbols/-/has-symbols-1.1.0.tgz. Extracting by manifest.
884 silly tarball no local data for gopd@https://registry.npmjs.org/gopd/-/gopd-1.2.0.tgz. Extracting by manifest.
885 silly tarball no local data for function-bind@https://registry.npmjs.org/function-bind/-/function-bind-1.1.2.tgz. Extracting by manifest.
886 silly tarball no local data for get-proto@https://registry.npmjs.org/get-proto/-/get-proto-1.0.1.tgz. Extracting by manifest.
887 silly tarball no local data for es-object-atoms@https://registry.npmjs.org/es-object-atoms/-/es-object-atoms-1.1.2.tgz. Extracting by manifest.
888 silly tarball no local data for es-define-property@https://registry.npmjs.org/es-define-property/-/es-define-property-1.0.1.tgz. Extracting by manifest.
889 silly tarball no local data for has-tostringtag@https://registry.npmjs.org/has-tostringtag/-/has-tostringtag-1.0.2.tgz. Extracting by manifest.
890 silly tarball no local data for get-intrinsic@https://registry.npmjs.org/get-intrinsic/-/get-intrinsic-1.3.0.tgz. Extracting by manifest.
891 silly tarball no local data for call-bind-apply-helpers@https://registry.npmjs.org/call-bind-apply-helpers/-/call-bind-apply-helpers-1.0.2.tgz. Extracting by manifest.
892 silly tarball no local data for es-errors@https://registry.npmjs.org/es-errors/-/es-errors-1.3.0.tgz. Extracting by manifest.
893 silly tarball no local data for mime-types@https://registry.npmjs.org/mime-types/-/mime-types-2.1.35.tgz. Extracting by manifest.
894 silly tarball no local data for delayed-stream@https://registry.npmjs.org/delayed-stream/-/delayed-stream-1.0.0.tgz. Extracting by manifest.
895 silly tarball no local data for hasown@https://registry.npmjs.org/hasown/-/hasown-2.0.4.tgz. Extracting by manifest.
896 silly tarball no local data for es-set-tostringtag@https://registry.npmjs.org/es-set-tostringtag/-/es-set-tostringtag-2.1.0.tgz. Extracting by manifest.
897 silly tarball no local data for combined-stream@https://registry.npmjs.org/combined-stream/-/combined-stream-1.0.8.tgz. Extracting by manifest.
898 silly tarball no local data for asynckit@https://registry.npmjs.org/asynckit/-/asynckit-0.4.0.tgz. Extracting by manifest.
899 silly tarball no local data for update-browserslist-db@https://registry.npmjs.org/update-browserslist-db/-/update-browserslist-db-1.3.1.tgz. Extracting by manifest.
900 silly tarball no local data for ms@https://registry.npmjs.org/ms/-/ms-2.1.3.tgz. Extracting by manifest.
901 silly tarball no local data for node-releases@https://registry.npmjs.org/node-releases/-/node-releases-2.0.53.tgz. Extracting by manifest.
902 silly tarball no local data for electron-to-chromium@https://registry.npmjs.org/electron-to-chromium/-/electron-to-chromium-1.5.407.tgz. Extracting by manifest.
903 silly tarball no local data for caniuse-lite@https://registry.npmjs.org/caniuse-lite/-/caniuse-lite-1.0.30001809.tgz. Extracting by manifest.
904 silly tarball no local data for baseline-browser-mapping@https://registry.npmjs.org/baseline-browser-mapping/-/baseline-browser-mapping-2.11.14.tgz. Extracting by manifest.
905 silly tarball no local data for proxy-from-env@https://registry.npmjs.org/proxy-from-env/-/proxy-from-env-2.1.0.tgz. Extracting by manifest.
906 silly tarball no local data for https-proxy-agent@https://registry.npmjs.org/https-proxy-agent/-/https-proxy-agent-5.0.1.tgz. Extracting by manifest.
907 silly tarball no local data for follow-redirects@https://registry.npmjs.org/follow-redirects/-/follow-redirects-1.16.0.tgz. Extracting by manifest.
908 silly tarball no local data for form-data@https://registry.npmjs.org/form-data/-/form-data-4.0.6.tgz. Extracting by manifest.
909 silly tarball no local data for @types/babel__traverse@https://registry.npmjs.org/@types/babel__traverse/-/babel__traverse-7.28.0.tgz. Extracting by manifest.
910 silly tarball no local data for @types/babel__generator@https://registry.npmjs.org/@types/babel__generator/-/babel__generator-7.27.0.tgz. Extracting by manifest.
911 silly tarball no local data for @types/babel__template@https://registry.npmjs.org/@types/babel__template/-/babel__template-7.4.4.tgz. Extracting by manifest.
912 silly tarball no local data for @jridgewell/resolve-uri@https://registry.npmjs.org/@jridgewell/resolve-uri/-/resolve-uri-3.1.2.tgz. Extracting by manifest.
913 silly tarball no local data for @jridgewell/sourcemap-codec@https://registry.npmjs.org/@jridgewell/sourcemap-codec/-/sourcemap-codec-1.5.5.tgz. Extracting by manifest.
914 silly tarball no local data for @babel/helper-string-parser@https://registry.npmjs.org/@babel/helper-string-parser/-/helper-string-parser-7.29.7.tgz. Extracting by manifest.
915 silly tarball no local data for @babel/helper-globals@https://registry.npmjs.org/@babel/helper-globals/-/helper-globals-7.29.7.tgz. Extracting by manifest.
916 silly tarball no local data for @babel/helper-plugin-utils@https://registry.npmjs.org/@babel/helper-plugin-utils/-/helper-plugin-utils-7.29.7.tgz. Extracting by manifest.
917 silly tarball no local data for @babel/helper-module-imports@https://registry.npmjs.org/@babel/helper-module-imports/-/helper-module-imports-7.29.7.tgz. Extracting by manifest.
918 silly tarball no local data for lru-cache@https://registry.npmjs.org/lru-cache/-/lru-cache-5.1.1.tgz. Extracting by manifest.
919 silly tarball no local data for browserslist@https://registry.npmjs.org/browserslist/-/browserslist-4.28.8.tgz. Extracting by manifest.
920 silly tarball no local data for @babel/helper-validator-option@https://registry.npmjs.org/@babel/helper-validator-option/-/helper-validator-option-7.29.7.tgz. Extracting by manifest.
921 silly tarball no local data for @babel/compat-data@https://registry.npmjs.org/@babel/compat-data/-/compat-data-7.29.7.tgz. Extracting by manifest.
922 silly tarball no local data for jsesc@https://registry.npmjs.org/jsesc/-/jsesc-3.1.0.tgz. Extracting by manifest.
923 silly tarball no local data for @jridgewell/trace-mapping@https://registry.npmjs.org/@jridgewell/trace-mapping/-/trace-mapping-0.3.31.tgz. Extracting by manifest.
924 silly tarball no local data for @jridgewell/gen-mapping@https://registry.npmjs.org/@jridgewell/gen-mapping/-/gen-mapping-0.3.13.tgz. Extracting by manifest.
925 silly tarball no local data for picocolors@https://registry.npmjs.org/picocolors/-/picocolors-1.1.1.tgz. Extracting by manifest.
926 silly tarball no local data for js-tokens@https://registry.npmjs.org/js-tokens/-/js-tokens-4.0.0.tgz. Extracting by manifest.
927 silly tarball no local data for @babel/helper-validator-identifier@https://registry.npmjs.org/@babel/helper-validator-identifier/-/helper-validator-identifier-7.29.7.tgz. Extracting by manifest.
928 silly tarball no local data for semver@https://registry.npmjs.org/semver/-/semver-6.3.1.tgz. Extracting by manifest.
929 silly tarball no local data for json5@https://registry.npmjs.org/json5/-/json5-2.2.3.tgz. Extracting by manifest.
930 silly tarball no local data for gensync@https://registry.npmjs.org/gensync/-/gensync-1.0.0-beta.2.tgz. Extracting by manifest.
931 silly tarball no local data for @jridgewell/remapping@https://registry.npmjs.org/@jridgewell/remapping/-/remapping-2.3.5.tgz. Extracting by manifest.
932 silly tarball no local data for convert-source-map@https://registry.npmjs.org/convert-source-map/-/convert-source-map-2.0.0.tgz. Extracting by manifest.
933 silly tarball no local data for @babel/types@https://registry.npmjs.org/@babel/types/-/types-7.29.8.tgz. Extracting by manifest.
934 silly tarball no local data for @babel/traverse@https://registry.npmjs.org/@babel/traverse/-/traverse-7.29.8.tgz. Extracting by manifest.
935 silly tarball no local data for @babel/template@https://registry.npmjs.org/@babel/template/-/template-7.29.7.tgz. Extracting by manifest.
936 silly tarball no local data for @babel/parser@https://registry.npmjs.org/@babel/parser/-/parser-7.29.8.tgz. Extracting by manifest.
937 silly tarball no local data for @babel/helpers@https://registry.npmjs.org/@babel/helpers/-/helpers-7.29.7.tgz. Extracting by manifest.
938 silly tarball no local data for debug@https://registry.npmjs.org/debug/-/debug-4.4.3.tgz. Extracting by manifest.
939 silly tarball no local data for @babel/helper-module-transforms@https://registry.npmjs.org/@babel/helper-module-transforms/-/helper-module-transforms-7.29.7.tgz. Extracting by manifest.
940 silly tarball no local data for @babel/generator@https://registry.npmjs.org/@babel/generator/-/generator-7.29.8.tgz. Extracting by manifest.
941 silly tarball no local data for @babel/helper-compilation-targets@https://registry.npmjs.org/@babel/helper-compilation-targets/-/helper-compilation-targets-7.29.7.tgz. Extracting by manifest.
942 silly tarball no local data for @babel/code-frame@https://registry.npmjs.org/@babel/code-frame/-/code-frame-7.29.7.tgz. Extracting by manifest.
943 silly tarball no local data for @types/babel__core@https://registry.npmjs.org/@types/babel__core/-/babel__core-7.20.5.tgz. Extracting by manifest.
944 silly tarball no local data for react-refresh@https://registry.npmjs.org/react-refresh/-/react-refresh-0.17.0.tgz. Extracting by manifest.
945 silly tarball no local data for @rolldown/pluginutils@https://registry.npmjs.org/@rolldown/pluginutils/-/pluginutils-1.0.0-beta.27.tgz. Extracting by manifest.
946 silly tarball no local data for @babel/plugin-transform-react-jsx-source@https://registry.npmjs.org/@babel/plugin-transform-react-jsx-source/-/plugin-transform-react-jsx-source-7.29.7.tgz. Extracting by manifest.
947 silly tarball no local data for @babel/plugin-transform-react-jsx-self@https://registry.npmjs.org/@babel/plugin-transform-react-jsx-self/-/plugin-transform-react-jsx-self-7.29.7.tgz. Extracting by manifest.
948 silly tarball no local data for react-dom@https://registry.npmjs.org/react-dom/-/react-dom-18.3.1.tgz. Extracting by manifest.
949 silly tarball no local data for @babel/core@https://registry.npmjs.org/@babel/core/-/core-7.29.7.tgz. Extracting by manifest.
950 silly tarball no local data for react@https://registry.npmjs.org/react/-/react-18.3.1.tgz. Extracting by manifest.
951 silly tarball no local data for axios@https://registry.npmjs.org/axios/-/axios-1.19.0.tgz. Extracting by manifest.
952 silly tarball no local data for vite@https://registry.npmjs.org/vite/-/vite-5.4.21.tgz. Extracting by manifest.
953 silly tarball no local data for @vitejs/plugin-react@https://registry.npmjs.org/@vitejs/plugin-react/-/plugin-react-4.7.0.tgz. Extracting by manifest.
954 http fetch GET 200 https://registry.npmjs.org/postcss/-/postcss-8.5.26.tgz 130ms (cache miss)
955 http fetch GET 200 https://registry.npmjs.org/dunder-proto/-/dunder-proto-1.0.1.tgz 223ms (cache miss)
956 http fetch GET 200 https://registry.npmjs.org/rollup/-/rollup-4.62.4.tgz 230ms (cache miss)
957 http fetch GET 200 https://registry.npmjs.org/math-intrinsics/-/math-intrinsics-1.1.0.tgz 247ms (cache miss)
958 http fetch GET 200 https://registry.npmjs.org/has-symbols/-/has-symbols-1.1.0.tgz 258ms (cache miss)
959 http fetch GET 200 https://registry.npmjs.org/gopd/-/gopd-1.2.0.tgz 263ms (cache miss)
960 http fetch GET 200 https://registry.npmjs.org/function-bind/-/function-bind-1.1.2.tgz 264ms (cache miss)
961 http fetch GET 200 https://registry.npmjs.org/get-proto/-/get-proto-1.0.1.tgz 271ms (cache miss)
962 http fetch GET 200 https://registry.npmjs.org/source-map-js/-/source-map-js-1.2.1.tgz 293ms (cache miss)
963 http fetch GET 200 https://registry.npmjs.org/es-object-atoms/-/es-object-atoms-1.1.2.tgz 283ms (cache miss)
964 http fetch GET 200 https://registry.npmjs.org/es-define-property/-/es-define-property-1.0.1.tgz 288ms (cache miss)
965 http fetch GET 200 https://registry.npmjs.org/get-intrinsic/-/get-intrinsic-1.3.0.tgz 306ms (cache miss)
966 http fetch GET 200 https://registry.npmjs.org/call-bind-apply-helpers/-/call-bind-apply-helpers-1.0.2.tgz 306ms (cache miss)
967 http fetch GET 200 https://registry.npmjs.org/es-errors/-/es-errors-1.3.0.tgz 352ms (cache miss)
968 http fetch GET 200 https://registry.npmjs.org/has-tostringtag/-/has-tostringtag-1.0.2.tgz 355ms (cache miss)
969 http fetch GET 200 https://registry.npmjs.org/mime-types/-/mime-types-2.1.35.tgz 356ms (cache miss)
970 http fetch GET 200 https://registry.npmjs.org/delayed-stream/-/delayed-stream-1.0.0.tgz 357ms (cache miss)
971 http fetch GET 200 https://registry.npmjs.org/hasown/-/hasown-2.0.4.tgz 358ms (cache miss)
972 http fetch GET 200 https://registry.npmjs.org/@types/estree/-/estree-1.0.9.tgz 374ms (cache miss)
973 http fetch GET 200 https://registry.npmjs.org/es-set-tostringtag/-/es-set-tostringtag-2.1.0.tgz 362ms (cache miss)
974 http fetch GET 200 https://registry.npmjs.org/combined-stream/-/combined-stream-1.0.8.tgz 446ms (cache miss)
975 http fetch GET 200 https://registry.npmjs.org/update-browserslist-db/-/update-browserslist-db-1.3.1.tgz 488ms (cache miss)
976 http fetch GET 200 https://registry.npmjs.org/ms/-/ms-2.1.3.tgz 489ms (cache miss)
977 http fetch GET 200 https://registry.npmjs.org/esbuild/-/esbuild-0.21.5.tgz 508ms (cache miss)
978 http fetch GET 200 https://registry.npmjs.org/escalade/-/escalade-3.2.0.tgz 614ms (cache miss)
979 http fetch GET 200 https://registry.npmjs.org/node-releases/-/node-releases-2.0.53.tgz 641ms (cache miss)
980 http fetch GET 200 https://registry.npmjs.org/scheduler/-/scheduler-0.23.2.tgz 669ms (cache miss)
981 http fetch GET 200 https://registry.npmjs.org/asynckit/-/asynckit-0.4.0.tgz 668ms (cache miss)
982 http fetch GET 200 https://registry.npmjs.org/yallist/-/yallist-3.1.1.tgz 678ms (cache miss)
983 http fetch GET 200 https://registry.npmjs.org/agent-base/-/agent-base-6.0.2.tgz 761ms (cache miss)
984 http fetch GET 200 https://registry.npmjs.org/baseline-browser-mapping/-/baseline-browser-mapping-2.11.14.tgz 758ms (cache miss)
985 http fetch GET 200 https://registry.npmjs.org/nanoid/-/nanoid-3.3.18.tgz 782ms (cache miss)
986 http fetch GET 200 https://registry.npmjs.org/proxy-from-env/-/proxy-from-env-2.1.0.tgz 783ms (cache miss)
987 http fetch GET 200 https://registry.npmjs.org/https-proxy-agent/-/https-proxy-agent-5.0.1.tgz 827ms (cache miss)
988 http fetch GET 200 https://registry.npmjs.org/follow-redirects/-/follow-redirects-1.16.0.tgz 828ms (cache miss)
989 http fetch GET 200 https://registry.npmjs.org/electron-to-chromium/-/electron-to-chromium-1.5.407.tgz 896ms (cache miss)
990 http fetch GET 200 https://registry.npmjs.org/loose-envify/-/loose-envify-1.4.0.tgz 995ms (cache miss)
991 http fetch GET 200 https://registry.npmjs.org/mime-db/-/mime-db-1.52.0.tgz 999ms (cache miss)
992 http fetch GET 200 https://registry.npmjs.org/@types/babel__traverse/-/babel__traverse-7.28.0.tgz 1072ms (cache miss)
993 http fetch GET 200 https://registry.npmjs.org/browserslist/-/browserslist-4.28.8.tgz 1233ms (cache miss)
994 http fetch GET 200 https://registry.npmjs.org/lru-cache/-/lru-cache-5.1.1.tgz 1351ms (cache miss)
995 http fetch GET 200 https://registry.npmjs.org/@jridgewell/resolve-uri/-/resolve-uri-3.1.2.tgz 1363ms (cache miss)
996 http fetch GET 200 https://registry.npmjs.org/@types/babel__generator/-/babel__generator-7.27.0.tgz 1367ms (cache miss)
997 http fetch GET 200 https://registry.npmjs.org/@types/babel__template/-/babel__template-7.4.4.tgz 1370ms (cache miss)
998 http fetch GET 200 https://registry.npmjs.org/@babel/helper-string-parser/-/helper-string-parser-7.29.7.tgz 1370ms (cache miss)
999 http fetch GET 200 https://registry.npmjs.org/@babel/helper-globals/-/helper-globals-7.29.7.tgz 1370ms (cache miss)
1000 http fetch GET 200 https://registry.npmjs.org/@babel/helper-plugin-utils/-/helper-plugin-utils-7.29.7.tgz 1370ms (cache miss)
1001 http fetch GET 200 https://registry.npmjs.org/@jridgewell/sourcemap-codec/-/sourcemap-codec-1.5.5.tgz 1394ms (cache miss)
1002 http fetch GET 200 https://registry.npmjs.org/form-data/-/form-data-4.0.6.tgz 1414ms (cache miss)
1003 http fetch GET 200 https://registry.npmjs.org/@rollup/rollup-linux-x64-gnu/-/rollup-linux-x64-gnu-4.62.4.tgz 1442ms (cache miss)
1004 http fetch GET 200 https://registry.npmjs.org/@babel/helper-module-imports/-/helper-module-imports-7.29.7.tgz 1431ms (cache miss)
1005 http fetch GET 200 https://registry.npmjs.org/jsesc/-/jsesc-3.1.0.tgz 1451ms (cache miss)
1006 http fetch GET 200 https://registry.npmjs.org/js-tokens/-/js-tokens-4.0.0.tgz 1455ms (cache miss)
1007 http fetch GET 200 https://registry.npmjs.org/picocolors/-/picocolors-1.1.1.tgz 1456ms (cache miss)
1008 http fetch GET 200 https://registry.npmjs.org/semver/-/semver-6.3.1.tgz 1458ms (cache miss)
1009 http fetch GET 200 https://registry.npmjs.org/gensync/-/gensync-1.0.0-beta.2.tgz 1525ms (cache miss)
1010 http fetch GET 200 https://registry.npmjs.org/convert-source-map/-/convert-source-map-2.0.0.tgz 1525ms (cache miss)
1011 http fetch GET 200 https://registry.npmjs.org/@babel/helper-validator-option/-/helper-validator-option-7.29.7.tgz 1546ms (cache miss)
1012 http fetch GET 200 https://registry.npmjs.org/@napi-rs/lzma-linux-x64-gnu/-/lzma-linux-x64-gnu-1.5.1.tgz 1595ms (cache miss)
1013 http fetch GET 200 https://registry.npmjs.org/debug/-/debug-4.4.3.tgz 1654ms (cache miss)
1014 http fetch GET 200 https://registry.npmjs.org/@babel/compat-data/-/compat-data-7.29.7.tgz 1702ms (cache miss)
1015 http fetch GET 200 https://registry.npmjs.org/@jridgewell/trace-mapping/-/trace-mapping-0.3.31.tgz 1710ms (cache miss)
1016 http fetch GET 200 https://registry.npmjs.org/@jridgewell/gen-mapping/-/gen-mapping-0.3.13.tgz 1718ms (cache miss)
1017 http fetch GET 200 https://registry.npmjs.org/@babel/helper-validator-identifier/-/helper-validator-identifier-7.29.7.tgz 1791ms (cache miss)
1018 http fetch GET 200 https://registry.npmjs.org/@esbuild/linux-x64/-/linux-x64-0.21.5.tgz 1827ms (cache miss)
1019 http fetch GET 200 https://registry.npmjs.org/react-refresh/-/react-refresh-0.17.0.tgz 1807ms (cache miss)
1020 http fetch GET 200 https://registry.npmjs.org/@babel/template/-/template-7.29.7.tgz 1816ms (cache miss)
1021 http fetch GET 200 https://registry.npmjs.org/caniuse-lite/-/caniuse-lite-1.0.30001809.tgz 1952ms (cache miss)
1022 http fetch GET 200 https://registry.npmjs.org/@babel/traverse/-/traverse-7.29.8.tgz 1950ms (cache miss)
1023 http fetch GET 200 https://registry.npmjs.org/@jridgewell/remapping/-/remapping-2.3.5.tgz 1952ms (cache miss)
1024 http fetch GET 200 https://registry.npmjs.org/@babel/helper-module-transforms/-/helper-module-transforms-7.29.7.tgz 1980ms (cache miss)
1025 http fetch GET 200 https://registry.npmjs.org/@types/babel__core/-/babel__core-7.20.5.tgz 2084ms (cache miss)
1026 http fetch GET 200 https://registry.npmjs.org/@rolldown/pluginutils/-/pluginutils-1.0.0-beta.27.tgz 2123ms (cache miss)
1027 http fetch GET 200 https://registry.npmjs.org/@babel/plugin-transform-react-jsx-source/-/plugin-transform-react-jsx-source-7.29.7.tgz 2124ms (cache miss)
1028 http fetch GET 200 https://registry.npmjs.org/@babel/plugin-transform-react-jsx-self/-/plugin-transform-react-jsx-self-7.29.7.tgz 2130ms (cache miss)
1029 http fetch GET 200 https://registry.npmjs.org/react/-/react-18.3.1.tgz 2152ms (cache miss)
1030 http fetch GET 200 https://registry.npmjs.org/@babel/code-frame/-/code-frame-7.29.7.tgz 2159ms (cache miss)
1031 http fetch GET 200 https://registry.npmjs.org/@babel/helper-compilation-targets/-/helper-compilation-targets-7.29.7.tgz 2167ms (cache miss)
1032 http fetch GET 200 https://registry.npmjs.org/@babel/generator/-/generator-7.29.8.tgz 2198ms (cache miss)
1033 http fetch GET 200 https://registry.npmjs.org/@babel/parser/-/parser-7.29.8.tgz 2218ms (cache miss)
1034 http fetch GET 200 https://registry.npmjs.org/react-dom/-/react-dom-18.3.1.tgz 2325ms (cache miss)
1035 http fetch GET 200 https://registry.npmjs.org/json5/-/json5-2.2.3.tgz 2361ms (cache miss)
1036 http fetch GET 200 https://registry.npmjs.org/@babel/types/-/types-7.29.8.tgz 2415ms (cache miss)
1037 http fetch GET 200 https://registry.npmjs.org/@babel/helpers/-/helpers-7.29.7.tgz 2442ms (cache miss)
1038 http fetch GET 200 https://registry.npmjs.org/@babel/core/-/core-7.29.7.tgz 2439ms (cache miss)
1039 http fetch GET 200 https://registry.npmjs.org/vite/-/vite-5.4.21.tgz 2494ms (cache miss)
1040 http fetch GET 200 https://registry.npmjs.org/axios/-/axios-1.19.0.tgz 2578ms (cache miss)
1041 http fetch GET 200 https://registry.npmjs.org/@vitejs/plugin-react/-/plugin-react-4.7.0.tgz 2643ms (cache miss)
1042 info run esbuild@0.21.5 postinstall node_modules/esbuild node install.js
1043 info run esbuild@0.21.5 postinstall { code: 0, signal: null }
1044 silly ADD node_modules/@types/estree
1045 silly ADD node_modules/@rollup/rollup-linux-x64-gnu
1046 silly ADD node_modules/@napi-rs/lzma-linux-x64-gnu
1047 silly ADD node_modules/source-map-js
1048 silly ADD node_modules/nanoid
1049 silly ADD node_modules/@esbuild/linux-x64
1050 silly ADD node_modules/rollup
1051 silly ADD node_modules/postcss
1052 silly ADD node_modules/esbuild
1053 silly ADD node_modules/escalade
1054 silly ADD node_modules/scheduler
1055 silly ADD node_modules/loose-envify
1056 silly ADD node_modules/mime-db
1057 silly ADD node_modules/yallist
1058 silly ADD node_modules/agent-base
1059 silly ADD node_modules/dunder-proto
1060 silly ADD node_modules/math-intrinsics
1061 silly ADD node_modules/has-symbols
1062 silly ADD node_modules/gopd
1063 silly ADD node_modules/get-proto
1064 silly ADD node_modules/function-bind
1065 silly ADD node_modules/es-object-atoms
1066 silly ADD node_modules/es-define-property
1067 silly ADD node_modules/call-bind-apply-helpers
1068 silly ADD node_modules/has-tostringtag
1069 silly ADD node_modules/get-intrinsic
1070 silly ADD node_modules/es-errors
1071 silly ADD node_modules/delayed-stream
1072 silly ADD node_modules/mime-types
1073 silly ADD node_modules/hasown
1074 silly ADD node_modules/es-set-tostringtag
1075 silly ADD node_modules/combined-stream
1076 silly ADD node_modules/asynckit
1077 silly ADD node_modules/ms
1078 silly ADD node_modules/update-browserslist-db
1079 silly ADD node_modules/node-releases
1080 silly ADD node_modules/electron-to-chromium
1081 silly ADD node_modules/caniuse-lite
1082 silly ADD node_modules/baseline-browser-mapping
1083 silly ADD node_modules/proxy-from-env
1084 silly ADD node_modules/https-proxy-agent
1085 silly ADD node_modules/form-data
1086 silly ADD node_modules/follow-redirects
1087 silly ADD node_modules/@types/babel__traverse
1088 silly ADD node_modules/@types/babel__template
1089 silly ADD node_modules/@types/babel__generator
1090 silly ADD node_modules/@jridgewell/resolve-uri
1091 silly ADD node_modules/@jridgewell/sourcemap-codec
1092 silly ADD node_modules/@babel/helper-string-parser
1093 silly ADD node_modules/@babel/helper-globals
1094 silly ADD node_modules/@babel/helper-plugin-utils
1095 silly ADD node_modules/@babel/helper-module-imports
1096 silly ADD node_modules/lru-cache
1097 silly ADD node_modules/browserslist
1098 silly ADD node_modules/@babel/helper-validator-option
1099 silly ADD node_modules/@babel/compat-data
1100 silly ADD node_modules/jsesc
1101 silly ADD node_modules/@jridgewell/trace-mapping
1102 silly ADD node_modules/@jridgewell/gen-mapping
1103 silly ADD node_modules/picocolors
1104 silly ADD node_modules/js-tokens
1105 silly ADD node_modules/@babel/helper-validator-identifier
1106 silly ADD node_modules/semver
1107 silly ADD node_modules/json5
1108 silly ADD node_modules/gensync
1109 silly ADD node_modules/debug
1110 silly ADD node_modules/convert-source-map
1111 silly ADD node_modules/@jridgewell/remapping
1112 silly ADD node_modules/@babel/types
1113 silly ADD node_modules/@babel/traverse
1114 silly ADD node_modules/@babel/template
1115 silly ADD node_modules/@babel/parser
1116 silly ADD node_modules/@babel/helpers
1117 silly ADD node_modules/@babel/helper-module-transforms
1118 silly ADD node_modules/@babel/helper-compilation-targets
1119 silly ADD node_modules/@babel/generator
1120 silly ADD node_modules/@babel/code-frame
1121 silly ADD node_modules/react-refresh
1122 silly ADD node_modules/@types/babel__core
1123 silly ADD node_modules/@rolldown/pluginutils
1124 silly ADD node_modules/@babel/plugin-transform-react-jsx-source
1125 silly ADD node_modules/@babel/plugin-transform-react-jsx-self
1126 silly ADD node_modules/@babel/core
1127 silly ADD node_modules/react-dom
1128 silly ADD node_modules/react
1129 silly ADD node_modules/axios
1130 silly ADD node_modules/vite
1131 silly ADD node_modules/@vitejs/plugin-react
1132 warn allow-scripts 1 package has install scripts not yet covered by allowScripts:
1132 warn allow-scripts   esbuild@0.21.5 (postinstall: node install.js)
1132 warn allow-scripts
1132 warn allow-scripts Run `npm approve-scripts --allow-scripts-pending` to review, or `npm approve-scripts <pkg>` to allow.
1133 verbose cwd /home/sharwan/2083 Data/Expirements/Quotemous/frontend
1134 verbose os Linux 7.0.12+kali-amd64
1135 verbose node v22.22.2
1136 verbose npm  v11.16.0
1137 verbose exit 0
1138 info ok
